run_id,status,error_message,started_utc,finished_utc,runtime_s,smoke_test,method_id,method_kind,sector,seed,attempt_idx,L,problem,t,U,dv,omega0,g_ep,n_ph_max,boson_encoding,ordering,boundary,ansatz_name,pool_name,vqe_reps,vqe_restarts,vqe_maxiter,vqe_method,adapt_max_depth,adapt_eps_grad,adapt_eps_energy,adapt_maxiter,adapt_depth_reached,adapt_stop_reason,wallclock_cap_s,E_exact_sector,E_best,E_last,delta_E_abs,num_parameters,pool_size,nfev,nit
m1_hh_hva|S2_1|blocked_open|binary|seed101,ok,,2026-03-01T13:11:52.005618+00:00,2026-03-01T13:13:06.405239+00:00,74.61254983302206,False,m1_hh_hva,conventional,"(2,1)",101,0,3,hh,1.0,2.0,0.0,1.0,1.0,1,binary,blocked,open,hh_hva,,2,5,3000,COBYLA,80,1e-06,1e-08,3000,,,1200,-0.5269377197656464,1.0135042990968044,1.0135042990968044,1.5404420188624508,8,,1780,0
m1_hh_hva|S2_1|blocked_open|binary|seed102,ok,,2026-03-01T13:13:06.783705+00:00,2026-03-01T13:14:35.311563+00:00,88.90017733396962,False,m1_hh_hva,conventional,"(2,1)",102,1,3,hh,1.0,2.0,0.0,1.0,1.0,1,binary,blocked,open,hh_hva,,2,5,3000,COBYLA,80,1e-06,1e-08,3000,,,1200,-0.5269377197656464,1.0169335819712484,1.383206326570613,1.5438713017368948,8,,2082,0
m1_hh_hva|S2_1|blocked_open|binary|seed103,ok,,2026-03-01T13:14:35.691085+00:00,2026-03-01T13:21:37.377502+00:00,157.43960137479007,False,m1_hh_hva,conventional,"(2,1)",103,2,3,hh,1.0,2.0,0.0,1.0,1.0,1,binary,blocked,open,hh_hva,,2,5,3000,COBYLA,80,1e-06,1e-08,3000,,,1200,-0.5269377197656464,1.0135048154204203,1.375102715568714,1.5404425351860667,8,,3617,0
m1_hh_hva|S2_1|blocked_open|binary|seed104,ok,,2026-03-01T13:21:37.854435+00:00,2026-03-01T13:25:01.405580+00:00,87.91841991711408,False,m1_hh_hva,conventional,"(2,1)",104,3,3,hh,1.0,2.0,0.0,1.0,1.0,1,binary,blocked,open,hh_hva,,2,5,3000,COBYLA,80,1e-06,1e-08,3000,,,1200,-0.5269377197656464,1.0135044782584328,1.0169344543551557,1.5404421980240792,8,,2095,0
m1_hh_hva|S2_1|blocked_open|binary|seed105,ok,,2026-03-01T13:25:01.792711+00:00,2026-03-01T13:27:10.816106+00:00,123.1386474580504,False,m1_hh_hva,conventional,"(2,1)",105,4,3,hh,1.0,2.0,0.0,1.0,1.0,1,binary,blocked,open,hh_hva,,2,5,3000,COBYLA,80,1e-06,1e-08,3000,,,1200,-0.5269377197656464,1.0135045659189914,1.3832065943869947,1.5404422856846378,8,,2931,0
m2_hh_hva_tw|S2_1|blocked_open|binary|seed101,ok,,2026-03-01T13:27:11.204452+00:00,2026-03-01T13:38:04.476593+00:00,653.6496768747456,False,m2_hh_hva_tw,conventional,"(2,1)",101,5,3,hh,1.0,2.0,0.0,1.0,1.0,1,binary,blocked,open,hh_hva_tw,,2,5,3000,COBYLA,80,1e-06,1e-08,3000,,,1200,-0.5269377197656464,-0.9949527579325697,-0.36134082556550334,0.46801503816692325,56,,15000,0
m2_hh_hva_tw|S2_1|blocked_open|binary|seed102,ok,,2026-03-01T13:38:04.990032+00:00,2026-03-01T13:49:03.164840+00:00,658.6778909168206,False,m2_hh_hva_tw,conventional,"(2,1)",102,6,3,hh,1.0,2.0,0.0,1.0,1.0,1,binary,blocked,open,hh_hva_tw,,2,5,3000,COBYLA,80,1e-06,1e-08,3000,,,1200,-0.5269377197656464,-0.9921078307054282,-0.9342609736291008,0.4651701109397818,56,,15000,0
m2_hh_hva_tw|S2_1|blocked_open|binary|seed103,ok,,2026-03-01T13:49:03.713460+00:00,2026-03-01T14:00:33.905755+00:00,690.7680061249994,False,m2_hh_hva_tw,conventional,"(2,1)",103,7,3,hh,1.0,2.0,0.0,1.0,1.0,1,binary,blocked,open,hh_hva_tw,,2,5,3000,COBYLA,80,1e-06,1e-08,3000,,,1200,-0.5269377197656464,-0.9963582210929562,-0.9963582210929562,0.46942050132730984,56,,15000,0
m2_hh_hva_tw|S2_1|blocked_open|binary|seed104,ok,,2026-03-01T14:00:34.419158+00:00,2026-03-01T14:11:35.156442+00:00,661.2320064590313,False,m2_hh_hva_tw,conventional,"(2,1)",104,8,3,hh,1.0,2.0,0.0,1.0,1.0,1,binary,blocked,open,hh_hva_tw,,2,5,3000,COBYLA,80,1e-06,1e-08,3000,,,1200,-0.5269377197656464,-0.9997034848138833,-0.9997034848138833,0.47276576504823686,56,,15000,0
m2_hh_hva_tw|S2_1|blocked_open|binary|seed105,ok,,2026-03-01T14:11:35.612001+00:00,2026-03-01T14:21:56.859131+00:00,621.6969985002652,False,m2_hh_hva_tw,conventional,"(2,1)",105,9,3,hh,1.0,2.0,0.0,1.0,1.0,1,binary,blocked,open,hh_hva_tw,,2,5,3000,COBYLA,80,1e-06,1e-08,3000,,,1200,-0.5269377197656464,-0.9997308820695575,-0.9804986208573221,0.4727931623039111,56,,15000,0
m3_adapt_paop_std|S2_1|blocked_open|binary|seed101,ok,,2026-03-01T14:21:57.284548+00:00,2026-03-01T14:23:49.003820+00:00,112.14157954091206,False,m3_adapt_paop_std,adapt,"(2,1)",101,10,3,hh,1.0,2.0,0.0,1.0,1.0,1,binary,blocked,open,,paop_std,2,5,3000,COBYLA,80,1e-06,1e-08,3000,28,eps_energy,1800,-0.5269377197656464,2.2639320230777065,2.263932065879242,2.790869742843353,28,5,3153,28
m3_adapt_paop_std|S2_1|blocked_open|binary|seed102,ok,,2026-03-01T14:23:49.396262+00:00,2026-03-01T14:25:41.720505+00:00,112.70047183334827,False,m3_adapt_paop_std,adapt,"(2,1)",102,11,3,hh,1.0,2.0,0.0,1.0,1.0,1,binary,blocked,open,,paop_std,2,5,3000,COBYLA,80,1e-06,1e-08,3000,28,eps_energy,1800,-0.5269377197656464,2.2639320230777065,2.263932065879242,2.790869742843353,28,5,3153,28
m3_adapt_paop_std|S2_1|blocked_open|binary|seed103,ok,,2026-03-01T14:25:42.148468+00:00,2026-03-01T14:27:33.925073+00:00,112.19697483303025,False,m3_adapt_paop_std,adapt,"(2,1)",103,12,3,hh,1.0,2.0,0.0,1.0,1.0,1,binary,blocked,open,,paop_std,2,5,3000,COBYLA,80,1e-06,1e-08,3000,28,eps_energy,1800,-0.5269377197656464,2.2639320230777065,2.263932065879242,2.790869742843353,28,5,3153,28
m3_adapt_paop_std|S2_1|blocked_open|binary|seed104,ok,,2026-03-01T14:27:34.331861+00:00,2026-03-01T14:29:25.880155+00:00,111.95276666572317,False,m3_adapt_paop_std,adapt,"(2,1)",104,13,3,hh,1.0,2.0,0.0,1.0,1.0,1,binary,blocked,open,,paop_std,2,5,3000,COBYLA,80,1e-06,1e-08,3000,28,eps_energy,1800,-0.5269377197656464,2.2639320230777065,2.263932065879242,2.790869742843353,28,5,3153,28
m3_adapt_paop_std|S2_1|blocked_open|binary|seed105,ok,,2026-03-01T14:29:26.276642+00:00,2026-03-01T14:31:17.698137+00:00,111.81556866690516,False,m3_adapt_paop_std,adapt,"(2,1)",105,14,3,hh,1.0,2.0,0.0,1.0,1.0,1,binary,blocked,open,,paop_std,2,5,3000,COBYLA,80,1e-06,1e-08,3000,28,eps_energy,1800,-0.5269377197656464,2.2639320230777065,2.263932065879242,2.790869742843353,28,5,3153,28
m4_adapt_paop_lf_std|S2_1|blocked_open|binary|seed101,ok,,2026-03-01T14:31:18.089897+00:00,2026-03-01T14:33:11.034387+00:00,113.33370787510648,False,m4_adapt_paop_lf_std,adapt,"(2,1)",101,15,3,hh,1.0,2.0,0.0,1.0,1.0,1,binary,blocked,open,,paop_lf_std,2,5,3000,COBYLA,80,1e-06,1e-08,3000,28,eps_energy,1800,-0.5269377197656464,2.2639320230777065,2.263932065879242,2.790869742843353,28,7,3153,28
m4_adapt_paop_lf_std|S2_1|blocked_open|binary|seed102,ok,,2026-03-01T14:33:11.439589+00:00,2026-03-01T14:35:04.282563+00:00,113.24434583261609,False,m4_adapt_paop_lf_std,adapt,"(2,1)",102,16,3,hh,1.0,2.0,0.0,1.0,1.0,1,binary,blocked,open,,paop_lf_std,2,5,3000,COBYLA,80,1e-06,1e-08,3000,28,eps_energy,1800,-0.5269377197656464,2.2639320230777065,2.263932065879242,2.790869742843353,28,7,3153,28
m4_adapt_paop_lf_std|S2_1|blocked_open|binary|seed103,ok,,2026-03-01T14:35:04.692703+00:00,2026-03-01T14:36:57.369141+00:00,113.08408654201776,False,m4_adapt_paop_lf_std,adapt,"(2,1)",103,17,3,hh,1.0,2.0,0.0,1.0,1.0,1,binary,blocked,open,,paop_lf_std,2,5,3000,COBYLA,80,1e-06,1e-08,3000,28,eps_energy,1800,-0.5269377197656464,2.2639320230777065,2.263932065879242,2.790869742843353,28,7,3153,28
m4_adapt_paop_lf_std|S2_1|blocked_open|binary|seed104,ok,,2026-03-01T14:36:57.772390+00:00,2026-03-01T14:38:50.576608+00:00,113.20373620884493,False,m4_adapt_paop_lf_std,adapt,"(2,1)",104,18,3,hh,1.0,2.0,0.0,1.0,1.0,1,binary,blocked,open,,paop_lf_std,2,5,3000,COBYLA,80,1e-06,1e-08,3000,28,eps_energy,1800,-0.5269377197656464,2.2639320230777065,2.263932065879242,2.790869742843353,28,7,3153,28
m4_adapt_paop_lf_std|S2_1|blocked_open|binary|seed105,ok,,2026-03-01T14:38:50.979747+00:00,2026-03-01T14:40:43.915671+00:00,113.33625954203308,False,m4_adapt_paop_lf_std,adapt,"(2,1)",105,19,3,hh,1.0,2.0,0.0,1.0,1.0,1,binary,blocked,open,,paop_lf_std,2,5,3000,COBYLA,80,1e-06,1e-08,3000,28,eps_energy,1800,-0.5269377197656464,2.2639320230777065,2.263932065879242,2.790869742843353,28,7,3153,28
m1_hh_hva|S2_1|blocked_open|unary|seed101,ok,,2026-03-01T14:40:44.326323+00:00,2026-03-01T14:55:36.006912+00:00,892.0772648747079,False,m1_hh_hva,conventional,"(2,1)",101,20,3,hh,1.0,2.0,0.0,1.0,1.0,1,unary,blocked,open,hh_hva,,2,5,3000,COBYLA,80,1e-06,1e-08,3000,,,1200,-0.5269377197656578,1.0135044959357937,1.0135044959357937,1.5404422157014515,8,,1733,0
m1_hh_hva|S2_1|blocked_open|unary|seed102,ok,,2026-03-01T14:55:36.393903+00:00,2026-03-01T15:13:15.197082+00:00,1059.183170999866,False,m1_hh_hva,conventional,"(2,1)",102,21,3,hh,1.0,2.0,0.0,1.0,1.0,1,unary,blocked,open,hh_hva,,2,5,3000,COBYLA,80,1e-06,1e-08,3000,,,1200,-0.5269377197656578,1.0169336505180682,1.3832064222624427,1.5438713702837261,8,,2057,0
m1_hh_hva|S2_1|blocked_open|unary|seed103,timeout,wallclock cap exceeded (1200s),2026-03-01T15:33:15.212980+00:00,2026-03-01T15:33:15.219014+00:00,1200.0036002080888,False,m1_hh_hva,conventional,"(2,1)",103,22,3,hh,1.0,2.0,0.0,1.0,1.0,1,unary,blocked,open,,,2,5,3000,COBYLA,80,1e-06,1e-08,3000,,,1200,,,,,,,,
m1_hh_hva|S2_1|blocked_open|unary|seed104,ok,,2026-03-01T15:33:15.628721+00:00,2026-03-01T15:50:46.273781+00:00,1051.042879624758,False,m1_hh_hva,conventional,"(2,1)",104,23,3,hh,1.0,2.0,0.0,1.0,1.0,1,unary,blocked,open,hh_hva,,2,5,3000,COBYLA,80,1e-06,1e-08,3000,,,1200,-0.5269377197656578,1.0135047991361517,1.0169338603862075,1.5404425189018096,8,,2010,0
m1_hh_hva|S2_1|blocked_open|unary|seed105,timeout,wallclock cap exceeded (1200s),2026-03-01T16:10:46.283883+00:00,2026-03-01T16:10:46.294144+00:00,1200.0118805002421,False,m1_hh_hva,conventional,"(2,1)",105,24,3,hh,1.0,2.0,0.0,1.0,1.0,1,unary,blocked,open,,,2,5,3000,COBYLA,80,1e-06,1e-08,3000,,,1200,,,,,,,,
m2_hh_hva_tw|S2_1|blocked_open|unary|seed101,timeout,wallclock cap exceeded (1200s),2026-03-01T16:30:46.262858+00:00,2026-03-01T16:30:46.269724+00:00,1200.0067892079242,False,m2_hh_hva_tw,conventional,"(2,1)",101,25,3,hh,1.0,2.0,0.0,1.0,1.0,1,unary,blocked,open,,,2,5,3000,COBYLA,80,1e-06,1e-08,3000,,,1200,,,,,,,,
m2_hh_hva_tw|S2_1|blocked_open|unary|seed102,timeout,wallclock cap exceeded (1200s),2026-03-01T16:50:46.290860+00:00,2026-03-01T16:50:46.309214+00:00,1200.0038395002484,False,m2_hh_hva_tw,conventional,"(2,1)",102,26,3,hh,1.0,2.0,0.0,1.0,1.0,1,unary,blocked,open,,,2,5,3000,COBYLA,80,1e-06,1e-08,3000,,,1200,,,,,,,,
m2_hh_hva_tw|S2_1|blocked_open|unary|seed103,timeout,wallclock cap exceeded (1200s),2026-03-01T17:10:46.350450+00:00,2026-03-01T17:10:46.357453+00:00,1200.0065974160098,False,m2_hh_hva_tw,conventional,"(2,1)",103,27,3,hh,1.0,2.0,0.0,1.0,1.0,1,unary,blocked,open,,,2,5,3000,COBYLA,80,1e-06,1e-08,3000,,,1200,,,,,,,,
m2_hh_hva_tw|S2_1|blocked_open|unary|seed104,timeout,wallclock cap exceeded (1200s),2026-03-01T17:30:46.387120+00:00,2026-03-01T17:30:46.394346+00:00,1200.0055767092854,False,m2_hh_hva_tw,conventional,"(2,1)",104,28,3,hh,1.0,2.0,0.0,1.0,1.0,1,unary,blocked,open,,,2,5,3000,COBYLA,80,1e-06,1e-08,3000,,,1200,,,,,,,,
m2_hh_hva_tw|S2_1|blocked_open|unary|seed105,timeout,wallclock cap exceeded (1200s),2026-03-01T17:50:46.385613+00:00,2026-03-01T17:50:46.394460+00:00,1200.0054052923806,False,m2_hh_hva_tw,conventional,"(2,1)",105,29,3,hh,1.0,2.0,0.0,1.0,1.0,1,unary,blocked,open,,,2,5,3000,COBYLA,80,1e-06,1e-08,3000,,,1200,,,,,,,,
m3_adapt_paop_std|S2_1|blocked_open|unary|seed101,ok,,2026-03-01T17:50:46.872985+00:00,2026-03-01T17:51:26.157775+00:00,39.757865875028074,False,m3_adapt_paop_std,adapt,"(2,1)",101,30,3,hh,1.0,2.0,0.0,1.0,1.0,1,unary,blocked,open,,paop_std,2,5,3000,COBYLA,80,1e-06,1e-08,3000,4,eps_energy,1800,-0.5269377197656578,2.2639320374968888,2.263932038748548,2.7908697572625467,4,5,121,4
m3_adapt_paop_std|S2_1|blocked_open|unary|seed102,ok,,2026-03-01T17:51:26.483363+00:00,2026-03-01T17:52:05.185260+00:00,39.02513870829716,False,m3_adapt_paop_std,adapt,"(2,1)",102,31,3,hh,1.0,2.0,0.0,1.0,1.0,1,unary,blocked,open,,paop_std,2,5,3000,COBYLA,80,1e-06,1e-08,3000,4,eps_energy,1800,-0.5269377197656578,2.2639320374968888,2.263932038748548,2.7908697572625467,4,5,121,4
m3_adapt_paop_std|S2_1|blocked_open|unary|seed103,ok,,2026-03-01T17:52:05.531327+00:00,2026-03-01T17:52:44.255625+00:00,39.067798542324454,False,m3_adapt_paop_std,adapt,"(2,1)",103,32,3,hh,1.0,2.0,0.0,1.0,1.0,1,unary,blocked,open,,paop_std,2,5,3000,COBYLA,80,1e-06,1e-08,3000,4,eps_energy,1800,-0.5269377197656578,2.2639320374968888,2.263932038748548,2.7908697572625467,4,5,121,4
m3_adapt_paop_std|S2_1|blocked_open|unary|seed104,ok,,2026-03-01T17:52:44.559841+00:00,2026-03-01T17:53:23.719959+00:00,39.462603624910116,False,m3_adapt_paop_std,adapt,"(2,1)",104,33,3,hh,1.0,2.0,0.0,1.0,1.0,1,unary,blocked,open,,paop_std,2,5,3000,COBYLA,80,1e-06,1e-08,3000,4,eps_energy,1800,-0.5269377197656578,2.2639320374968888,2.263932038748548,2.7908697572625467,4,5,121,4
m3_adapt_paop_std|S2_1|blocked_open|unary|seed105,ok,,2026-03-01T17:53:24.043245+00:00,2026-03-01T17:54:02.834021+00:00,39.11165400035679,False,m3_adapt_paop_std,adapt,"(2,1)",105,34,3,hh,1.0,2.0,0.0,1.0,1.0,1,unary,blocked,open,,paop_std,2,5,3000,COBYLA,80,1e-06,1e-08,3000,4,eps_energy,1800,-0.5269377197656578,2.2639320374968888,2.263932038748548,2.7908697572625467,4,5,121,4
m4_adapt_paop_lf_std|S2_1|blocked_open|unary|seed101,ok,,2026-03-01T17:54:03.141771+00:00,2026-03-01T17:54:43.764613+00:00,40.9290883326903,False,m4_adapt_paop_lf_std,adapt,"(2,1)",101,35,3,hh,1.0,2.0,0.0,1.0,1.0,1,unary,blocked,open,,paop_lf_std,2,5,3000,COBYLA,80,1e-06,1e-08,3000,4,eps_energy,1800,-0.5269377197656578,2.2639320374968888,2.263932038748548,2.7908697572625467,4,7,121,4
m4_adapt_paop_lf_std|S2_1|blocked_open|unary|seed102,ok,,2026-03-01T17:54:44.083956+00:00,2026-03-01T17:55:24.985862+00:00,41.21986816637218,False,m4_adapt_paop_lf_std,adapt,"(2,1)",102,36,3,hh,1.0,2.0,0.0,1.0,1.0,1,unary,blocked,open,,paop_lf_std,2,5,3000,COBYLA,80,1e-06,1e-08,3000,4,eps_energy,1800,-0.5269377197656578,2.2639320374968888,2.263932038748548,2.7908697572625467,4,7,121,4
m4_adapt_paop_lf_std|S2_1|blocked_open|unary|seed103,ok,,2026-03-01T17:55:25.298199+00:00,2026-03-01T17:56:06.203785+00:00,41.21645633364096,False,m4_adapt_paop_lf_std,adapt,"(2,1)",103,37,3,hh,1.0,2.0,0.0,1.0,1.0,1,unary,blocked,open,,paop_lf_std,2,5,3000,COBYLA,80,1e-06,1e-08,3000,4,eps_energy,1800,-0.5269377197656578,2.2639320374968888,2.263932038748548,2.7908697572625467,4,7,121,4
m4_adapt_paop_lf_std|S2_1|blocked_open|unary|seed104,ok,,2026-03-01T17:56:06.527477+00:00,2026-03-01T17:56:47.409685+00:00,41.20448845764622,False,m4_adapt_paop_lf_std,adapt,"(2,1)",104,38,3,hh,1.0,2.0,0.0,1.0,1.0,1,unary,blocked,open,,paop_lf_std,2,5,3000,COBYLA,80,1e-06,1e-08,3000,4,eps_energy,1800,-0.5269377197656578,2.2639320374968888,2.263932038748548,2.7908697572625467,4,7,121,4
m4_adapt_paop_lf_std|S2_1|blocked_open|unary|seed105,ok,,2026-03-01T17:56:47.732278+00:00,2026-03-01T17:57:28.824797+00:00,41.412582957651466,False,m4_adapt_paop_lf_std,adapt,"(2,1)",105,39,3,hh,1.0,2.0,0.0,1.0,1.0,1,unary,blocked,open,,paop_lf_std,2,5,3000,COBYLA,80,1e-06,1e-08,3000,4,eps_energy,1800,-0.5269377197656578,2.2639320374968888,2.263932038748548,2.7908697572625467,4,7,121,4
m1_hh_hva|S2_1|interleaved_periodic|binary|seed101,ok,,2026-03-01T17:57:29.243318+00:00,2026-03-01T18:02:01.490326+00:00,272.66272841673344,False,m1_hh_hva,conventional,"(2,1)",101,40,3,hh,1.0,2.0,0.0,1.0,1.0,1,binary,interleaved,periodic,hh_hva,,2,5,3000,COBYLA,80,1e-06,1e-08,3000,,,1200,-0.6988083850995359,-0.33484455538567554,0.8554848488012377,0.3639638297138604,8,,5409,0
m1_hh_hva|S2_1|interleaved_periodic|binary|seed102,ok,,2026-03-01T18:02:01.943698+00:00,2026-03-01T18:09:04.930043+00:00,423.43068029219285,False,m1_hh_hva,conventional,"(2,1)",102,41,3,hh,1.0,2.0,0.0,1.0,1.0,1,binary,interleaved,periodic,hh_hva,,2,5,3000,COBYLA,80,1e-06,1e-08,3000,,,1200,-0.6988083850995359,-0.33484428436171904,1.4211057423962126,0.3639641007378169,8,,8465,0
m1_hh_hva|S2_1|interleaved_periodic|binary|seed103,ok,,2026-03-01T18:09:05.328250+00:00,2026-03-01T18:12:46.330667+00:00,221.3976639173925,False,m1_hh_hva,conventional,"(2,1)",103,42,3,hh,1.0,2.0,0.0,1.0,1.0,1,binary,interleaved,periodic,hh_hva,,2,5,3000,COBYLA,80,1e-06,1e-08,3000,,,1200,-0.6988083850995359,0.2204741320443139,0.8554853036580986,0.9192825171438498,8,,4419,0
m1_hh_hva|S2_1|interleaved_periodic|binary|seed104,ok,,2026-03-01T18:12:46.733729+00:00,2026-03-01T18:16:57.916021+00:00,251.58236520877108,False,m1_hh_hva,conventional,"(2,1)",104,43,3,hh,1.0,2.0,0.0,1.0,1.0,1,binary,interleaved,periodic,hh_hva,,2,5,3000,COBYLA,80,1e-06,1e-08,3000,,,1200,-0.6988083850995359,-0.30716477454480395,1.3431522717237252,0.39164361055473196,8,,4980,0
m1_hh_hva|S2_1|interleaved_periodic|binary|seed105,ok,,2026-03-01T18:16:58.340125+00:00,2026-03-01T18:18:46.465389+00:00,108.54664058284834,False,m1_hh_hva,conventional,"(2,1)",105,44,3,hh,1.0,2.0,0.0,1.0,1.0,1,binary,interleaved,periodic,hh_hva,,2,5,3000,COBYLA,80,1e-06,1e-08,3000,,,1200,-0.6988083850995359,0.22043735637992606,0.9109561074146447,0.9192457414794619,8,,2183,0
m2_hh_hva_tw|S2_1|interleaved_periodic|binary|seed101,ok,,2026-03-01T18:18:46.878966+00:00,2026-03-01T18:31:27.234310+00:00,760.783309167251,False,m2_hh_hva_tw,conventional,"(2,1)",101,45,3,hh,1.0,2.0,0.0,1.0,1.0,1,binary,interleaved,periodic,hh_hva_tw,,2,5,3000,COBYLA,80,1e-06,1e-08,3000,,,1200,-0.6988083850995359,-1.5513908415166178,-1.53671477075038,0.8525824564170819,64,,15000,0
m2_hh_hva_tw|S2_1|interleaved_periodic|binary|seed102,ok,,2026-03-01T18:31:27.654780+00:00,2026-03-01T18:44:14.772132+00:00,767.5455212080851,False,m2_hh_hva_tw,conventional,"(2,1)",102,46,3,hh,1.0,2.0,0.0,1.0,1.0,1,binary,interleaved,periodic,hh_hva_tw,,2,5,3000,COBYLA,80,1e-06,1e-08,3000,,,1200,-0.6988083850995359,-1.5614228872520681,-1.5383005285016254,0.8626145021525322,64,,15000,0
m2_hh_hva_tw|S2_1|interleaved_periodic|binary|seed103,ok,,2026-03-01T18:44:15.257720+00:00,2026-03-01T18:56:58.388723+00:00,763.615458833985,False,m2_hh_hva_tw,conventional,"(2,1)",103,47,3,hh,1.0,2.0,0.0,1.0,1.0,1,binary,interleaved,periodic,hh_hva_tw,,2,5,3000,COBYLA,80,1e-06,1e-08,3000,,,1200,-0.6988083850995359,-1.5413317667231738,-1.5413317667231738,0.8425233816236379,64,,15000,0
m2_hh_hva_tw|S2_1|interleaved_periodic|binary|seed104,ok,,2026-03-01T18:56:58.856705+00:00,2026-03-01T19:09:50.705503+00:00,772.3894045418128,False,m2_hh_hva_tw,conventional,"(2,1)",104,48,3,hh,1.0,2.0,0.0,1.0,1.0,1,binary,interleaved,periodic,hh_hva_tw,,2,5,3000,COBYLA,80,1e-06,1e-08,3000,,,1200,-0.6988083850995359,-1.548424300553616,-1.548424300553616,0.8496159154540801,64,,15000,0
m2_hh_hva_tw|S2_1|interleaved_periodic|binary|seed105,ok,,2026-03-01T19:09:50.953729+00:00,2026-03-01T19:22:47.776092+00:00,777.0833667083643,False,m2_hh_hva_tw,conventional,"(2,1)",105,49,3,hh,1.0,2.0,0.0,1.0,1.0,1,binary,interleaved,periodic,hh_hva_tw,,2,5,3000,COBYLA,80,1e-06,1e-08,3000,,,1200,-0.6988083850995359,-1.5584093574354796,-1.5350230041831758,0.8596009723359437,64,,15000,0
m3_adapt_paop_std|S2_1|interleaved_periodic|binary|seed101,ok,,2026-03-01T19:22:48.207982+00:00,2026-03-01T19:24:55.391377+00:00,127.55501795886084,False,m3_adapt_paop_std,adapt,"(2,1)",101,50,3,hh,1.0,2.0,0.0,1.0,1.0,1,binary,interleaved,periodic,,paop_std,2,5,3000,COBYLA,80,1e-06,1e-08,3000,28,eps_energy,1800,-0.6988083850995359,2.2639320230777065,2.263932065879242,2.9627404081772424,28,6,3153,28
m3_adapt_paop_std|S2_1|interleaved_periodic|binary|seed102,ok,,2026-03-01T19:24:56.067923+00:00,2026-03-01T19:27:04.477075+00:00,129.08393424982205,False,m3_adapt_paop_std,adapt,"(2,1)",102,51,3,hh,1.0,2.0,0.0,1.0,1.0,1,binary,interleaved,periodic,,paop_std,2,5,3000,COBYLA,80,1e-06,1e-08,3000,28,eps_energy,1800,-0.6988083850995359,2.2639320230777065,2.263932065879242,2.9627404081772424,28,6,3153,28
m3_adapt_paop_std|S2_1|interleaved_periodic|binary|seed103,ok,,2026-03-01T19:27:04.911165+00:00,2026-03-01T19:29:11.787043+00:00,127.30791641725227,False,m3_adapt_paop_std,adapt,"(2,1)",103,52,3,hh,1.0,2.0,0.0,1.0,1.0,1,binary,interleaved,periodic,,paop_std,2,5,3000,COBYLA,80,1e-06,1e-08,3000,28,eps_energy,1800,-0.6988083850995359,2.2639320230777065,2.263932065879242,2.9627404081772424,28,6,3153,28
m3_adapt_paop_std|S2_1|interleaved_periodic|binary|seed104,ok,,2026-03-01T19:29:12.249752+00:00,2026-03-01T19:31:22.003024+00:00,130.21450325008482,False,m3_adapt_paop_std,adapt,"(2,1)",104,53,3,hh,1.0,2.0,0.0,1.0,1.0,1,binary,interleaved,periodic,,paop_std,2,5,3000,COBYLA,80,1e-06,1e-08,3000,28,eps_energy,1800,-0.6988083850995359,2.2639320230777065,2.263932065879242,2.9627404081772424,28,6,3153,28
m3_adapt_paop_std|S2_1|interleaved_periodic|binary|seed105,ok,,2026-03-01T19:31:22.434483+00:00,2026-03-01T19:33:29.246023+00:00,127.24156495882198,False,m3_adapt_paop_std,adapt,"(2,1)",105,54,3,hh,1.0,2.0,0.0,1.0,1.0,1,binary,interleaved,periodic,,paop_std,2,5,3000,COBYLA,80,1e-06,1e-08,3000,28,eps_energy,1800,-0.6988083850995359,2.2639320230777065,2.263932065879242,2.9627404081772424,28,6,3153,28
m4_adapt_paop_lf_std|S2_1|interleaved_periodic|binary|seed101,ok,,2026-03-01T19:33:29.654939+00:00,2026-03-01T19:35:37.728919+00:00,128.48111437493935,False,m4_adapt_paop_lf_std,adapt,"(2,1)",101,55,3,hh,1.0,2.0,0.0,1.0,1.0,1,binary,interleaved,periodic,,paop_lf_std,2,5,3000,COBYLA,80,1e-06,1e-08,3000,28,eps_energy,1800,-0.6988083850995359,2.2639320230777065,2.263932065879242,2.9627404081772424,28,9,3153,28
m4_adapt_paop_lf_std|S2_1|interleaved_periodic|binary|seed102,ok,,2026-03-01T19:35:38.172282+00:00,2026-03-01T19:37:46.751045+00:00,129.01907058293,False,m4_adapt_paop_lf_std,adapt,"(2,1)",102,56,3,hh,1.0,2.0,0.0,1.0,1.0,1,binary,interleaved,periodic,,paop_lf_std,2,5,3000,COBYLA,80,1e-06,1e-08,3000,28,eps_energy,1800,-0.6988083850995359,2.2639320230777065,2.263932065879242,2.9627404081772424,28,9,3153,28
m4_adapt_paop_lf_std|S2_1|interleaved_periodic|binary|seed103,ok,,2026-03-01T19:37:47.216978+00:00,2026-03-01T19:39:57.062404+00:00,130.3093952080235,False,m4_adapt_paop_lf_std,adapt,"(2,1)",103,57,3,hh,1.0,2.0,0.0,1.0,1.0,1,binary,interleaved,periodic,,paop_lf_std,2,5,3000,COBYLA,80,1e-06,1e-08,3000,28,eps_energy,1800,-0.6988083850995359,2.2639320230777065,2.263932065879242,2.9627404081772424,28,9,3153,28
m4_adapt_paop_lf_std|S2_1|interleaved_periodic|binary|seed104,ok,,2026-03-01T19:39:57.610082+00:00,2026-03-01T19:42:10.294411+00:00,133.22970749996603,False,m4_adapt_paop_lf_std,adapt,"(2,1)",104,58,3,hh,1.0,2.0,0.0,1.0,1.0,1,binary,interleaved,periodic,,paop_lf_std,2,5,3000,COBYLA,80,1e-06,1e-08,3000,28,eps_energy,1800,-0.6988083850995359,2.2639320230777065,2.263932065879242,2.9627404081772424,28,9,3153,28
m4_adapt_paop_lf_std|S2_1|interleaved_periodic|binary|seed105,ok,,2026-03-01T19:42:10.848290+00:00,2026-03-01T19:44:24.005855+00:00,133.70886895805597,False,m4_adapt_paop_lf_std,adapt,"(2,1)",105,59,3,hh,1.0,2.0,0.0,1.0,1.0,1,binary,interleaved,periodic,,paop_lf_std,2,5,3000,COBYLA,80,1e-06,1e-08,3000,28,eps_energy,1800,-0.6988083850995359,2.2639320230777065,2.263932065879242,2.9627404081772424,28,9,3153,28
m1_hh_hva|S2_1|interleaved_periodic|unary|seed101,timeout,wallclock cap exceeded (1200s),2026-03-01T20:04:24.020157+00:00,2026-03-01T20:04:24.026035+00:00,1200.0029178746045,False,m1_hh_hva,conventional,"(2,1)",101,60,3,hh,1.0,2.0,0.0,1.0,1.0,1,unary,interleaved,periodic,,,2,5,3000,COBYLA,80,1e-06,1e-08,3000,,,1200,,,,,,,,
m1_hh_hva|S2_1|interleaved_periodic|unary|seed102,timeout,wallclock cap exceeded (1200s),2026-03-01T20:24:24.022054+00:00,2026-03-01T20:24:24.029327+00:00,1200.006156832911,False,m1_hh_hva,conventional,"(2,1)",102,61,3,hh,1.0,2.0,0.0,1.0,1.0,1,unary,interleaved,periodic,,,2,5,3000,COBYLA,80,1e-06,1e-08,3000,,,1200,,,,,,,,
m1_hh_hva|S2_1|interleaved_periodic|unary|seed103,timeout,wallclock cap exceeded (1200s),2026-03-01T20:59:06.684328+00:00,2026-03-01T20:59:06.691122+00:00,1200.0044927089475,False,m1_hh_hva,conventional,"(2,1)",103,62,3,hh,1.0,2.0,0.0,1.0,1.0,1,unary,interleaved,periodic,,,2,5,3000,COBYLA,80,1e-06,1e-08,3000,,,1200,,,,,,,,
m1_hh_hva|S2_1|interleaved_periodic|unary|seed104,timeout,wallclock cap exceeded (1200s),2026-03-01T21:19:06.720742+00:00,2026-03-01T21:19:06.728284+00:00,1200.0047935410403,False,m1_hh_hva,conventional,"(2,1)",104,63,3,hh,1.0,2.0,0.0,1.0,1.0,1,unary,interleaved,periodic,,,2,5,3000,COBYLA,80,1e-06,1e-08,3000,,,1200,,,,,,,,
m1_hh_hva|S2_1|interleaved_periodic|unary|seed105,timeout,wallclock cap exceeded (1200s),2026-03-01T21:39:06.749414+00:00,2026-03-01T21:39:06.756723+00:00,1200.0040472089313,False,m1_hh_hva,conventional,"(2,1)",105,64,3,hh,1.0,2.0,0.0,1.0,1.0,1,unary,interleaved,periodic,,,2,5,3000,COBYLA,80,1e-06,1e-08,3000,,,1200,,,,,,,,
m2_hh_hva_tw|S2_1|interleaved_periodic|unary|seed101,timeout,wallclock cap exceeded (1200s),2026-03-01T22:02:45.951538+00:00,2026-03-01T22:02:45.957458+00:00,1200.0032909996808,False,m2_hh_hva_tw,conventional,"(2,1)",101,65,3,hh,1.0,2.0,0.0,1.0,1.0,1,unary,interleaved,periodic,,,2,5,3000,COBYLA,80,1e-06,1e-08,3000,,,1200,,,,,,,,
m2_hh_hva_tw|S2_1|interleaved_periodic|unary|seed102,timeout,wallclock cap exceeded (1200s),2026-03-01T22:22:45.953902+00:00,2026-03-01T22:22:45.960887+00:00,1200.0042620422319,False,m2_hh_hva_tw,conventional,"(2,1)",102,66,3,hh,1.0,2.0,0.0,1.0,1.0,1,unary,interleaved,periodic,,,2,5,3000,COBYLA,80,1e-06,1e-08,3000,,,1200,,,,,,,,
m2_hh_hva_tw|S2_1|interleaved_periodic|unary|seed103,timeout,wallclock cap exceeded (1200s),2026-03-01T22:42:45.944412+00:00,2026-03-01T22:42:45.952102+00:00,1200.0039847497828,False,m2_hh_hva_tw,conventional,"(2,1)",103,67,3,hh,1.0,2.0,0.0,1.0,1.0,1,unary,interleaved,periodic,,,2,5,3000,COBYLA,80,1e-06,1e-08,3000,,,1200,,,,,,,,
m2_hh_hva_tw|S2_1|interleaved_periodic|unary|seed104,timeout,wallclock cap exceeded (1200s),2026-03-01T23:02:45.982043+00:00,2026-03-01T23:02:45.991050+00:00,1200.0040214997716,False,m2_hh_hva_tw,conventional,"(2,1)",104,68,3,hh,1.0,2.0,0.0,1.0,1.0,1,unary,interleaved,periodic,,,2,5,3000,COBYLA,80,1e-06,1e-08,3000,,,1200,,,,,,,,
m2_hh_hva_tw|S2_1|interleaved_periodic|unary|seed105,timeout,wallclock cap exceeded (1200s),2026-03-01T23:22:45.979416+00:00,2026-03-01T23:22:45.987191+00:00,1200.0044988752343,False,m2_hh_hva_tw,conventional,"(2,1)",105,69,3,hh,1.0,2.0,0.0,1.0,1.0,1,unary,interleaved,periodic,,,2,5,3000,COBYLA,80,1e-06,1e-08,3000,,,1200,,,,,,,,
m3_adapt_paop_std|S2_1|interleaved_periodic|unary|seed101,ok,,2026-03-01T23:22:46.402325+00:00,2026-03-01T23:23:30.280717+00:00,44.29150583408773,False,m3_adapt_paop_std,adapt,"(2,1)",101,70,3,hh,1.0,2.0,0.0,1.0,1.0,1,unary,interleaved,periodic,,paop_std,2,5,3000,COBYLA,80,1e-06,1e-08,3000,4,eps_energy,1800,-0.6988083850995425,2.2639320374968888,2.263932038748548,2.9627404225964313,4,6,121,4
m3_adapt_paop_std|S2_1|interleaved_periodic|unary|seed102,ok,,2026-03-01T23:23:30.590877+00:00,2026-03-01T23:24:14.499461+00:00,44.21768062515184,False,m3_adapt_paop_std,adapt,"(2,1)",102,71,3,hh,1.0,2.0,0.0,1.0,1.0,1,unary,interleaved,periodic,,paop_std,2,5,3000,COBYLA,80,1e-06,1e-08,3000,4,eps_energy,1800,-0.6988083850995425,2.2639320374968888,2.263932038748548,2.9627404225964313,4,6,121,4
m3_adapt_paop_std|S2_1|interleaved_periodic|unary|seed103,ok,,2026-03-01T23:24:14.805142+00:00,2026-03-01T23:24:58.623849+00:00,44.12317324988544,False,m3_adapt_paop_std,adapt,"(2,1)",103,72,3,hh,1.0,2.0,0.0,1.0,1.0,1,unary,interleaved,periodic,,paop_std,2,5,3000,COBYLA,80,1e-06,1e-08,3000,4,eps_energy,1800,-0.6988083850995425,2.2639320374968888,2.263932038748548,2.9627404225964313,4,6,121,4
m3_adapt_paop_std|S2_1|interleaved_periodic|unary|seed104,ok,,2026-03-01T23:24:58.935021+00:00,2026-03-01T23:25:42.785377+00:00,44.1592164169997,False,m3_adapt_paop_std,adapt,"(2,1)",104,73,3,hh,1.0,2.0,0.0,1.0,1.0,1,unary,interleaved,periodic,,paop_std,2,5,3000,COBYLA,80,1e-06,1e-08,3000,4,eps_energy,1800,-0.6988083850995425,2.2639320374968888,2.263932038748548,2.9627404225964313,4,6,121,4
m3_adapt_paop_std|S2_1|interleaved_periodic|unary|seed105,ok,,2026-03-01T23:25:43.108309+00:00,2026-03-01T23:26:27.147540+00:00,44.35973704094067,False,m3_adapt_paop_std,adapt,"(2,1)",105,74,3,hh,1.0,2.0,0.0,1.0,1.0,1,unary,interleaved,periodic,,paop_std,2,5,3000,COBYLA,80,1e-06,1e-08,3000,4,eps_energy,1800,-0.6988083850995425,2.2639320374968888,2.263932038748548,2.9627404225964313,4,6,121,4
m4_adapt_paop_lf_std|S2_1|interleaved_periodic|unary|seed101,ok,,2026-03-01T23:26:27.458216+00:00,2026-03-01T23:27:14.948054+00:00,47.798622167203575,False,m4_adapt_paop_lf_std,adapt,"(2,1)",101,75,3,hh,1.0,2.0,0.0,1.0,1.0,1,unary,interleaved,periodic,,paop_lf_std,2,5,3000,COBYLA,80,1e-06,1e-08,3000,4,eps_energy,1800,-0.6988083850995425,2.2639320374968888,2.263932038748548,2.9627404225964313,4,9,121,4
m4_adapt_paop_lf_std|S2_1|interleaved_periodic|unary|seed102,ok,,2026-03-01T23:27:15.265570+00:00,2026-03-01T23:28:03.009052+00:00,48.05998683301732,False,m4_adapt_paop_lf_std,adapt,"(2,1)",102,76,3,hh,1.0,2.0,0.0,1.0,1.0,1,unary,interleaved,periodic,,paop_lf_std,2,5,3000,COBYLA,80,1e-06,1e-08,3000,4,eps_energy,1800,-0.6988083850995425,2.2639320374968888,2.263932038748548,2.9627404225964313,4,9,121,4
m4_adapt_paop_lf_std|S2_1|interleaved_periodic|unary|seed103,ok,,2026-03-01T23:28:03.327165+00:00,2026-03-01T23:28:51.686431+00:00,48.67580158310011,False,m4_adapt_paop_lf_std,adapt,"(2,1)",103,77,3,hh,1.0,2.0,0.0,1.0,1.0,1,unary,interleaved,periodic,,paop_lf_std,2,5,3000,COBYLA,80,1e-06,1e-08,3000,4,eps_energy,1800,-0.6988083850995425,2.2639320374968888,2.263932038748548,2.9627404225964313,4,9,121,4
m4_adapt_paop_lf_std|S2_1|interleaved_periodic|unary|seed104,ok,,2026-03-01T23:28:52.009801+00:00,2026-03-01T23:29:39.758414+00:00,48.06996579095721,False,m4_adapt_paop_lf_std,adapt,"(2,1)",104,78,3,hh,1.0,2.0,0.0,1.0,1.0,1,unary,interleaved,periodic,,paop_lf_std,2,5,3000,COBYLA,80,1e-06,1e-08,3000,4,eps_energy,1800,-0.6988083850995425,2.2639320374968888,2.263932038748548,2.9627404225964313,4,9,121,4
m4_adapt_paop_lf_std|S2_1|interleaved_periodic|unary|seed105,ok,,2026-03-01T23:29:40.067198+00:00,2026-03-01T23:30:27.896817+00:00,48.13698645820841,False,m4_adapt_paop_lf_std,adapt,"(2,1)",105,79,3,hh,1.0,2.0,0.0,1.0,1.0,1,unary,interleaved,periodic,,paop_lf_std,2,5,3000,COBYLA,80,1e-06,1e-08,3000,4,eps_energy,1800,-0.6988083850995425,2.2639320374968888,2.263932038748548,2.9627404225964313,4,9,121,4
m1_hh_hva|S2_1|interleaved_open|binary|seed101,ok,,2026-03-01T23:30:28.221018+00:00,2026-03-01T23:31:44.450105+00:00,76.55198533274233,False,m1_hh_hva,conventional,"(2,1)",101,80,3,hh,1.0,2.0,0.0,1.0,1.0,1,binary,interleaved,open,hh_hva,,2,5,3000,COBYLA,80,1e-06,1e-08,3000,,,1200,-0.5269377197656446,1.013504809190582,1.0135051589344508,1.5404425289562267,8,,1817,0
m1_hh_hva|S2_1|interleaved_open|binary|seed102,ok,,2026-03-01T23:31:44.850605+00:00,2026-03-01T23:33:11.825493+00:00,87.3739327499643,False,m1_hh_hva,conventional,"(2,1)",102,81,3,hh,1.0,2.0,0.0,1.0,1.0,1,binary,interleaved,open,hh_hva,,2,5,3000,COBYLA,80,1e-06,1e-08,3000,,,1200,-0.5269377197656446,1.016933700348884,1.3832061494692678,1.5438714201145287,8,,2069,0
m1_hh_hva|S2_1|interleaved_open|binary|seed103,ok,,2026-03-01T23:33:12.227356+00:00,2026-03-01T23:35:52.391145+00:00,160.56440812489018,False,m1_hh_hva,conventional,"(2,1)",103,82,3,hh,1.0,2.0,0.0,1.0,1.0,1,binary,interleaved,open,hh_hva,,2,5,3000,COBYLA,80,1e-06,1e-08,3000,,,1200,-0.5269377197656446,1.0135045853437887,1.375104403667071,1.5404423051094334,8,,3823,0
m1_hh_hva|S2_1|interleaved_open|binary|seed104,ok,,2026-03-01T23:35:52.799844+00:00,2026-03-01T23:37:20.711340+00:00,88.2873124172911,False,m1_hh_hva,conventional,"(2,1)",104,83,3,hh,1.0,2.0,0.0,1.0,1.0,1,binary,interleaved,open,hh_hva,,2,5,3000,COBYLA,80,1e-06,1e-08,3000,,,1200,-0.5269377197656446,1.0135044782646918,1.016933883499219,1.5404421980303364,8,,2101,0
m1_hh_hva|S2_1|interleaved_open|binary|seed105,ok,,2026-03-01T23:37:21.098645+00:00,2026-03-01T23:39:11.485571+00:00,110.76671912521124,False,m1_hh_hva,conventional,"(2,1)",105,84,3,hh,1.0,2.0,0.0,1.0,1.0,1,binary,interleaved,open,hh_hva,,2,5,3000,COBYLA,80,1e-06,1e-08,3000,,,1200,-0.5269377197656446,1.0135044212973603,1.383206190553359,1.540442141063005,8,,2644,0
m2_hh_hva_tw|S2_1|interleaved_open|binary|seed101,ok,,2026-03-01T23:39:11.899352+00:00,2026-03-01T23:49:38.510181+00:00,627.0189327090047,False,m2_hh_hva_tw,conventional,"(2,1)",101,85,3,hh,1.0,2.0,0.0,1.0,1.0,1,binary,interleaved,open,hh_hva_tw,,2,5,3000,COBYLA,80,1e-06,1e-08,3000,,,1200,-0.5269377197656446,-1.0004004792578014,-0.9269934882184169,0.47346275949215677,56,,15000,0
m2_hh_hva_tw|S2_1|interleaved_open|binary|seed102,ok,,2026-03-01T23:49:38.896294+00:00,2026-03-02T00:00:06.403214+00:00,627.8627143749036,False,m2_hh_hva_tw,conventional,"(2,1)",102,86,3,hh,1.0,2.0,0.0,1.0,1.0,1,binary,interleaved,open,hh_hva_tw,,2,5,3000,COBYLA,80,1e-06,1e-08,3000,,,1200,-0.5269377197656446,-0.995067440538468,-0.9258678456008609,0.46812972077282333,56,,15000,0
m2_hh_hva_tw|S2_1|interleaved_open|binary|seed103,ok,,2026-03-02T00:00:06.774882+00:00,2026-03-02T00:10:32.878102+00:00,626.465855541639,False,m2_hh_hva_tw,conventional,"(2,1)",103,87,3,hh,1.0,2.0,0.0,1.0,1.0,1,binary,interleaved,open,hh_hva_tw,,2,5,3000,COBYLA,80,1e-06,1e-08,3000,,,1200,-0.5269377197656446,-0.9936944560421661,-0.5064893918177101,0.4667567362765215,56,,15000,0
m2_hh_hva_tw|S2_1|interleaved_open|binary|seed104,ok,,2026-03-02T00:10:33.271316+00:00,2026-03-02T00:21:03.632825+00:00,630.7972862501629,False,m2_hh_hva_tw,conventional,"(2,1)",104,88,3,hh,1.0,2.0,0.0,1.0,1.0,1,binary,interleaved,open,hh_hva_tw,,2,5,3000,COBYLA,80,1e-06,1e-08,3000,,,1200,-0.5269377197656446,-1.000072899993861,-0.9777375096076907,0.47313518022821643,56,,15000,0
m2_hh_hva_tw|S2_1|interleaved_open|binary|seed105,ok,,2026-03-02T00:21:04.002923+00:00,2026-03-02T00:31:32.416294+00:00,628.7822575420141,False,m2_hh_hva_tw,conventional,"(2,1)",105,89,3,hh,1.0,2.0,0.0,1.0,1.0,1,binary,interleaved,open,hh_hva_tw,,2,5,3000,COBYLA,80,1e-06,1e-08,3000,,,1200,-0.5269377197656446,-0.9780148219636277,-0.9780148219636277,0.451077102197983,56,,15000,0
m3_adapt_paop_std|S2_1|interleaved_open|binary|seed101,ok,,2026-03-02T00:31:32.843243+00:00,2026-03-02T00:33:24.508350+00:00,112.08988170791417,False,m3_adapt_paop_std,adapt,"(2,1)",101,90,3,hh,1.0,2.0,0.0,1.0,1.0,1,binary,interleaved,open,,paop_std,2,5,3000,COBYLA,80,1e-06,1e-08,3000,28,eps_energy,1800,-0.5269377197656446,2.2639320230777065,2.263932065879242,2.790869742843351,28,5,3153,28
m3_adapt_paop_std|S2_1|interleaved_open|binary|seed102,ok,,2026-03-02T00:33:24.908741+00:00,2026-03-02T00:35:16.341982+00:00,111.83246187493205,False,m3_adapt_paop_std,adapt,"(2,1)",102,91,3,hh,1.0,2.0,0.0,1.0,1.0,1,binary,interleaved,open,,paop_std,2,5,3000,COBYLA,80,1e-06,1e-08,3000,28,eps_energy,1800,-0.5269377197656446,2.2639320230777065,2.263932065879242,2.790869742843351,28,5,3153,28
m3_adapt_paop_std|S2_1|interleaved_open|binary|seed103,ok,,2026-03-02T00:35:16.736376+00:00,2026-03-02T00:37:08.526680+00:00,112.1834044167772,False,m3_adapt_paop_std,adapt,"(2,1)",103,92,3,hh,1.0,2.0,0.0,1.0,1.0,1,binary,interleaved,open,,paop_std,2,5,3000,COBYLA,80,1e-06,1e-08,3000,28,eps_energy,1800,-0.5269377197656446,2.2639320230777065,2.263932065879242,2.790869742843351,28,5,3153,28
m3_adapt_paop_std|S2_1|interleaved_open|binary|seed104,ok,,2026-03-02T00:37:08.925364+00:00,2026-03-02T00:39:00.687584+00:00,112.1589598748833,False,m3_adapt_paop_std,adapt,"(2,1)",104,93,3,hh,1.0,2.0,0.0,1.0,1.0,1,binary,interleaved,open,,paop_std,2,5,3000,COBYLA,80,1e-06,1e-08,3000,28,eps_energy,1800,-0.5269377197656446,2.2639320230777065,2.263932065879242,2.790869742843351,28,5,3153,28
m3_adapt_paop_std|S2_1|interleaved_open|binary|seed105,ok,,2026-03-02T00:39:01.091429+00:00,2026-03-02T00:40:53.190218+00:00,112.50144462520257,False,m3_adapt_paop_std,adapt,"(2,1)",105,94,3,hh,1.0,2.0,0.0,1.0,1.0,1,binary,interleaved,open,,paop_std,2,5,3000,COBYLA,80,1e-06,1e-08,3000,28,eps_energy,1800,-0.5269377197656446,2.2639320230777065,2.263932065879242,2.790869742843351,28,5,3153,28
m4_adapt_paop_lf_std|S2_1|interleaved_open|binary|seed101,ok,,2026-03-02T00:40:53.602262+00:00,2026-03-02T00:42:46.498973+00:00,113.27140412479639,False,m4_adapt_paop_lf_std,adapt,"(2,1)",101,95,3,hh,1.0,2.0,0.0,1.0,1.0,1,binary,interleaved,open,,paop_lf_std,2,5,3000,COBYLA,80,1e-06,1e-08,3000,28,eps_energy,1800,-0.5269377197656446,2.2639320230777065,2.263932065879242,2.790869742843351,28,7,3153,28
m4_adapt_paop_lf_std|S2_1|interleaved_open|binary|seed102,ok,,2026-03-02T00:42:46.912502+00:00,2026-03-02T00:44:39.605691+00:00,113.10422716662288,False,m4_adapt_paop_lf_std,adapt,"(2,1)",102,96,3,hh,1.0,2.0,0.0,1.0,1.0,1,binary,interleaved,open,,paop_lf_std,2,5,3000,COBYLA,80,1e-06,1e-08,3000,28,eps_energy,1800,-0.5269377197656446,2.2639320230777065,2.263932065879242,2.790869742843351,28,7,3153,28
m4_adapt_paop_lf_std|S2_1|interleaved_open|binary|seed103,ok,,2026-03-02T00:44:39.998691+00:00,2026-03-02T00:46:33.423384+00:00,113.81486983364448,False,m4_adapt_paop_lf_std,adapt,"(2,1)",103,97,3,hh,1.0,2.0,0.0,1.0,1.0,1,binary,interleaved,open,,paop_lf_std,2,5,3000,COBYLA,80,1e-06,1e-08,3000,28,eps_energy,1800,-0.5269377197656446,2.2639320230777065,2.263932065879242,2.790869742843351,28,7,3153,28
m4_adapt_paop_lf_std|S2_1|interleaved_open|binary|seed104,ok,,2026-03-02T00:46:33.816551+00:00,2026-03-02T00:48:26.418452+00:00,112.99253187468275,False,m4_adapt_paop_lf_std,adapt,"(2,1)",104,98,3,hh,1.0,2.0,0.0,1.0,1.0,1,binary,interleaved,open,,paop_lf_std,2,5,3000,COBYLA,80,1e-06,1e-08,3000,28,eps_energy,1800,-0.5269377197656446,2.2639320230777065,2.263932065879242,2.790869742843351,28,7,3153,28
m4_adapt_paop_lf_std|S2_1|interleaved_open|binary|seed105,ok,,2026-03-02T00:48:26.729767+00:00,2026-03-02T00:50:19.423809+00:00,113.00282012484968,False,m4_adapt_paop_lf_std,adapt,"(2,1)",105,99,3,hh,1.0,2.0,0.0,1.0,1.0,1,binary,interleaved,open,,paop_lf_std,2,5,3000,COBYLA,80,1e-06,1e-08,3000,28,eps_energy,1800,-0.5269377197656446,2.2639320230777065,2.263932065879242,2.790869742843351,28,7,3153,28
m1_hh_hva|S2_1|interleaved_open|unary|seed101,ok,,2026-03-02T00:50:19.827993+00:00,2026-03-02T01:05:01.171485+00:00,881.7229209998623,False,m1_hh_hva,conventional,"(2,1)",101,100,3,hh,1.0,2.0,0.0,1.0,1.0,1,unary,interleaved,open,hh_hva,,2,5,3000,COBYLA,80,1e-06,1e-08,3000,,,1200,-0.526937719765649,1.0135044085442768,1.0135044085442768,1.5404421283099259,8,,1712,0
m1_hh_hva|S2_1|interleaved_open|unary|seed102,ok,,2026-03-02T01:05:01.567045+00:00,2026-03-02T01:22:39.154355+00:00,1057.9688261249103,False,m1_hh_hva,conventional,"(2,1)",102,101,3,hh,1.0,2.0,0.0,1.0,1.0,1,unary,interleaved,open,hh_hva,,2,5,3000,COBYLA,80,1e-06,1e-08,3000,,,1200,-0.526937719765649,1.016933923850987,1.3832063575234104,1.5438716436166358,8,,2053,0
m1_hh_hva|S2_1|interleaved_open|unary|seed103,timeout,wallclock cap exceeded (1200s),2026-03-02T01:42:41.049465+00:00,2026-03-02T01:42:41.055136+00:00,1200.0049718748778,False,m1_hh_hva,conventional,"(2,1)",103,102,3,hh,1.0,2.0,0.0,1.0,1.0,1,unary,interleaved,open,,,2,5,3000,COBYLA,80,1e-06,1e-08,3000,,,1200,,,,,,,,
m1_hh_hva|S2_1|interleaved_open|unary|seed104,timeout,wallclock cap exceeded (1200s),2026-03-02T02:02:41.048917+00:00,2026-03-02T02:02:41.054840+00:00,1200.0034097079188,False,m1_hh_hva,conventional,"(2,1)",104,103,3,hh,1.0,2.0,0.0,1.0,1.0,1,unary,interleaved,open,,,2,5,3000,COBYLA,80,1e-06,1e-08,3000,,,1200,,,,,,,,
m1_hh_hva|S2_1|interleaved_open|unary|seed105,timeout,wallclock cap exceeded (1200s),2026-03-02T02:22:41.085600+00:00,2026-03-02T02:22:41.092383+00:00,1200.0038193748333,False,m1_hh_hva,conventional,"(2,1)",105,104,3,hh,1.0,2.0,0.0,1.0,1.0,1,unary,interleaved,open,,,2,5,3000,COBYLA,80,1e-06,1e-08,3000,,,1200,,,,,,,,
m2_hh_hva_tw|S2_1|interleaved_open|unary|seed101,timeout,wallclock cap exceeded (1200s),2026-03-02T02:42:41.108022+00:00,2026-03-02T02:42:41.113738+00:00,1200.0037462920882,False,m2_hh_hva_tw,conventional,"(2,1)",101,105,3,hh,1.0,2.0,0.0,1.0,1.0,1,unary,interleaved,open,,,2,5,3000,COBYLA,80,1e-06,1e-08,3000,,,1200,,,,,,,,
m2_hh_hva_tw|S2_1|interleaved_open|unary|seed102,timeout,wallclock cap exceeded (1200s),2026-03-02T03:02:41.093936+00:00,2026-03-02T03:02:41.099587+00:00,1200.0027022501454,False,m2_hh_hva_tw,conventional,"(2,1)",102,106,3,hh,1.0,2.0,0.0,1.0,1.0,1,unary,interleaved,open,,,2,5,3000,COBYLA,80,1e-06,1e-08,3000,,,1200,,,,,,,,
m2_hh_hva_tw|S2_1|interleaved_open|unary|seed103,timeout,wallclock cap exceeded (1200s),2026-03-02T03:22:41.096627+00:00,2026-03-02T03:22:41.101941+00:00,1200.0028462503105,False,m2_hh_hva_tw,conventional,"(2,1)",103,107,3,hh,1.0,2.0,0.0,1.0,1.0,1,unary,interleaved,open,,,2,5,3000,COBYLA,80,1e-06,1e-08,3000,,,1200,,,,,,,,
m2_hh_hva_tw|S2_1|interleaved_open|unary|seed104,timeout,wallclock cap exceeded (1200s),2026-03-02T04:13:57.078393+00:00,2026-03-02T04:13:57.084689+00:00,1200.0025523747317,False,m2_hh_hva_tw,conventional,"(2,1)",104,108,3,hh,1.0,2.0,0.0,1.0,1.0,1,unary,interleaved,open,,,2,5,3000,COBYLA,80,1e-06,1e-08,3000,,,1200,,,,,,,,
m2_hh_hva_tw|S2_1|interleaved_open|unary|seed105,timeout,wallclock cap exceeded (1200s),2026-03-02T04:33:57.085865+00:00,2026-03-02T04:33:57.092584+00:00,1200.0041813747957,False,m2_hh_hva_tw,conventional,"(2,1)",105,109,3,hh,1.0,2.0,0.0,1.0,1.0,1,unary,interleaved,open,,,2,5,3000,COBYLA,80,1e-06,1e-08,3000,,,1200,,,,,,,,
m3_adapt_paop_std|S2_1|interleaved_open|unary|seed101,ok,,2026-03-02T04:33:57.430261+00:00,2026-03-02T04:34:37.983443+00:00,40.888033042196184,False,m3_adapt_paop_std,adapt,"(2,1)",101,110,3,hh,1.0,2.0,0.0,1.0,1.0,1,unary,interleaved,open,,paop_std,2,5,3000,COBYLA,80,1e-06,1e-08,3000,4,eps_energy,1800,-0.526937719765649,2.2639320374968888,2.263932038748548,2.790869757262538,4,5,121,4
m3_adapt_paop_std|S2_1|interleaved_open|unary|seed102,ok,,2026-03-02T04:34:38.311923+00:00,2026-03-02T04:35:18.648491+00:00,40.661894833203405,False,m3_adapt_paop_std,adapt,"(2,1)",102,111,3,hh,1.0,2.0,0.0,1.0,1.0,1,unary,interleaved,open,,paop_std,2,5,3000,COBYLA,80,1e-06,1e-08,3000,4,eps_energy,1800,-0.526937719765649,2.2639320374968888,2.263932038748548,2.790869757262538,4,5,121,4
m3_adapt_paop_std|S2_1|interleaved_open|unary|seed103,ok,,2026-03-02T04:35:18.951089+00:00,2026-03-02T04:35:59.694277+00:00,41.04437883431092,False,m3_adapt_paop_std,adapt,"(2,1)",103,112,3,hh,1.0,2.0,0.0,1.0,1.0,1,unary,interleaved,open,,paop_std,2,5,3000,COBYLA,80,1e-06,1e-08,3000,4,eps_energy,1800,-0.526937719765649,2.2639320374968888,2.263932038748548,2.790869757262538,4,5,121,4
m3_adapt_paop_std|S2_1|interleaved_open|unary|seed104,ok,,2026-03-02T04:35:59.923095+00:00,2026-03-02T04:36:40.356286+00:00,40.66031612502411,False,m3_adapt_paop_std,adapt,"(2,1)",104,113,3,hh,1.0,2.0,0.0,1.0,1.0,1,unary,interleaved,open,,paop_std,2,5,3000,COBYLA,80,1e-06,1e-08,3000,4,eps_energy,1800,-0.526937719765649,2.2639320374968888,2.263932038748548,2.790869757262538,4,5,121,4
m3_adapt_paop_std|S2_1|interleaved_open|unary|seed105,ok,,2026-03-02T04:36:40.593358+00:00,2026-03-02T04:37:24.044689+00:00,43.686147458385676,False,m3_adapt_paop_std,adapt,"(2,1)",105,114,3,hh,1.0,2.0,0.0,1.0,1.0,1,unary,interleaved,open,,paop_std,2,5,3000,COBYLA,80,1e-06,1e-08,3000,4,eps_energy,1800,-0.526937719765649,2.2639320374968888,2.263932038748548,2.790869757262538,4,5,121,4
m4_adapt_paop_lf_std|S2_1|interleaved_open|unary|seed101,ok,,2026-03-02T04:37:24.482272+00:00,2026-03-02T04:38:07.548290+00:00,43.50165466684848,False,m4_adapt_paop_lf_std,adapt,"(2,1)",101,115,3,hh,1.0,2.0,0.0,1.0,1.0,1,unary,interleaved,open,,paop_lf_std,2,5,3000,COBYLA,80,1e-06,1e-08,3000,4,eps_energy,1800,-0.526937719765649,2.2639320374968888,2.263932038748548,2.790869757262538,4,7,121,4
m4_adapt_paop_lf_std|S2_1|interleaved_open|unary|seed102,ok,,2026-03-02T04:38:07.790794+00:00,2026-03-02T04:38:50.580192+00:00,43.030109291896224,False,m4_adapt_paop_lf_std,adapt,"(2,1)",102,116,3,hh,1.0,2.0,0.0,1.0,1.0,1,unary,interleaved,open,,paop_lf_std,2,5,3000,COBYLA,80,1e-06,1e-08,3000,4,eps_energy,1800,-0.526937719765649,2.2639320374968888,2.263932038748548,2.790869757262538,4,7,121,4
m4_adapt_paop_lf_std|S2_1|interleaved_open|unary|seed103,ok,,2026-03-02T04:38:50.913540+00:00,2026-03-02T04:39:34.008487+00:00,43.42510791588575,False,m4_adapt_paop_lf_std,adapt,"(2,1)",103,117,3,hh,1.0,2.0,0.0,1.0,1.0,1,unary,interleaved,open,,paop_lf_std,2,5,3000,COBYLA,80,1e-06,1e-08,3000,4,eps_energy,1800,-0.526937719765649,2.2639320374968888,2.263932038748548,2.790869757262538,4,7,121,4
m4_adapt_paop_lf_std|S2_1|interleaved_open|unary|seed104,ok,,2026-03-02T04:39:34.343005+00:00,2026-03-02T04:40:18.228927+00:00,44.19461804209277,False,m4_adapt_paop_lf_std,adapt,"(2,1)",104,118,3,hh,1.0,2.0,0.0,1.0,1.0,1,unary,interleaved,open,,paop_lf_std,2,5,3000,COBYLA,80,1e-06,1e-08,3000,4,eps_energy,1800,-0.526937719765649,2.2639320374968888,2.263932038748548,2.790869757262538,4,7,121,4
m4_adapt_paop_lf_std|S2_1|interleaved_open|unary|seed105,ok,,2026-03-02T04:40:18.465989+00:00,2026-03-02T04:41:01.495661+00:00,43.26312074996531,False,m4_adapt_paop_lf_std,adapt,"(2,1)",105,119,3,hh,1.0,2.0,0.0,1.0,1.0,1,unary,interleaved,open,,paop_lf_std,2,5,3000,COBYLA,80,1e-06,1e-08,3000,4,eps_energy,1800,-0.526937719765649,2.2639320374968888,2.263932038748548,2.790869757262538,4,7,121,4
m1_hh_hva|S1_1|blocked_open|binary|seed101,ok,,2026-03-02T04:41:01.856071+00:00,2026-03-02T04:42:19.619873+00:00,78.12137625040486,False,m1_hh_hva,conventional,"(1,1)",101,120,3,hh,1.0,2.0,0.0,1.0,1.0,1,binary,blocked,open,hh_hva,,2,5,3000,COBYLA,80,1e-06,1e-08,3000,,,1200,-1.3421804037121141,0.11380433335555437,0.248941055424588,1.4559847370676684,8,,1774,0
m1_hh_hva|S1_1|blocked_open|binary|seed102,ok,,2026-03-02T04:42:20.030503+00:00,2026-03-02T04:43:29.037086+00:00,69.4147399161011,False,m1_hh_hva,conventional,"(1,1)",102,121,3,hh,1.0,2.0,0.0,1.0,1.0,1,binary,blocked,open,hh_hva,,2,5,3000,COBYLA,80,1e-06,1e-08,3000,,,1200,-1.3421804037121141,0.11380447119877529,0.11380447119877529,1.4559848749108895,8,,1588,0
m1_hh_hva|S1_1|blocked_open|binary|seed103,ok,,2026-03-02T04:43:29.439711+00:00,2026-03-02T04:44:28.353207+00:00,59.31356041692197,False,m1_hh_hva,conventional,"(1,1)",103,122,3,hh,1.0,2.0,0.0,1.0,1.0,1,binary,blocked,open,hh_hva,,2,5,3000,COBYLA,80,1e-06,1e-08,3000,,,1200,-1.3421804037121141,0.11380442505953164,0.11380442505953164,1.4559848287716457,8,,1357,0
m1_hh_hva|S1_1|blocked_open|binary|seed104,ok,,2026-03-02T04:44:28.759331+00:00,2026-03-02T04:45:29.173069+00:00,60.816919500008225,False,m1_hh_hva,conventional,"(1,1)",104,123,3,hh,1.0,2.0,0.0,1.0,1.0,1,binary,blocked,open,hh_hva,,2,5,3000,COBYLA,80,1e-06,1e-08,3000,,,1200,-1.3421804037121141,0.11380435103212794,0.1996599827270999,1.4559847547442422,8,,1393,0
m1_hh_hva|S1_1|blocked_open|binary|seed105,ok,,2026-03-02T04:45:29.588718+00:00,2026-03-02T04:46:29.522146+00:00,60.34637637482956,False,m1_hh_hva,conventional,"(1,1)",105,124,3,hh,1.0,2.0,0.0,1.0,1.0,1,binary,blocked,open,hh_hva,,2,5,3000,COBYLA,80,1e-06,1e-08,3000,,,1200,-1.3421804037121141,0.11380434596968023,0.24894150107834812,1.4559847496817944,8,,1347,0
m2_hh_hva_tw|S1_1|blocked_open|binary|seed101,ok,,2026-03-02T04:46:29.910438+00:00,2026-03-02T04:57:19.610654+00:00,650.0814844169654,False,m2_hh_hva_tw,conventional,"(1,1)",101,125,3,hh,1.0,2.0,0.0,1.0,1.0,1,binary,blocked,open,hh_hva_tw,,2,5,3000,COBYLA,80,1e-06,1e-08,3000,,,1200,-1.3421804037121141,-1.286448724512577,-1.2446569308763258,0.05573167919953703,56,,15000,0
m2_hh_hva_tw|S1_1|blocked_open|binary|seed102,ok,,2026-03-02T04:57:20.089349+00:00,2026-03-02T05:08:14.800457+00:00,655.1521087498404,False,m2_hh_hva_tw,conventional,"(1,1)",102,126,3,hh,1.0,2.0,0.0,1.0,1.0,1,binary,blocked,open,hh_hva_tw,,2,5,3000,COBYLA,80,1e-06,1e-08,3000,,,1200,-1.3421804037121141,-1.2642845340642923,-1.2642845340642923,0.0778958696478218,56,,15000,0
m2_hh_hva_tw|S1_1|blocked_open|binary|seed103,ok,,2026-03-02T05:08:15.656445+00:00,2026-03-02T05:18:59.433059+00:00,644.6208408330567,False,m2_hh_hva_tw,conventional,"(1,1)",103,127,3,hh,1.0,2.0,0.0,1.0,1.0,1,binary,blocked,open,hh_hva_tw,,2,5,3000,COBYLA,80,1e-06,1e-08,3000,,,1200,-1.3421804037121141,-1.255750682162038,-1.255750682162038,0.08642972155007622,56,,15000,0
m2_hh_hva_tw|S1_1|blocked_open|binary|seed104,ok,,2026-03-02T05:18:59.855744+00:00,2026-03-02T05:30:02.380211+00:00,662.9516917499714,False,m2_hh_hva_tw,conventional,"(1,1)",104,128,3,hh,1.0,2.0,0.0,1.0,1.0,1,binary,blocked,open,hh_hva_tw,,2,5,3000,COBYLA,80,1e-06,1e-08,3000,,,1200,-1.3421804037121141,-1.2751630927691848,-1.1774145529106452,0.06701731094292929,56,,15000,0
m2_hh_hva_tw|S1_1|blocked_open|binary|seed105,ok,,2026-03-02T05:30:02.801355+00:00,2026-03-02T05:41:09.747216+00:00,667.3579825419001,False,m2_hh_hva_tw,conventional,"(1,1)",105,129,3,hh,1.0,2.0,0.0,1.0,1.0,1,binary,blocked,open,hh_hva_tw,,2,5,3000,COBYLA,80,1e-06,1e-08,3000,,,1200,-1.3421804037121141,-1.2434181181288426,-1.2237871514191594,0.09876228558327149,56,,15000,0
m3_adapt_paop_std|S1_1|blocked_open|binary|seed101,ok,,2026-03-02T05:41:10.174525+00:00,2026-03-02T05:41:15.028883+00:00,5.2796480832621455,False,m3_adapt_paop_std,adapt,"(1,1)",101,130,3,hh,1.0,2.0,0.0,1.0,1.0,1,binary,blocked,open,,paop_std,2,5,3000,COBYLA,80,1e-06,1e-08,3000,5,eps_energy,1800,-1.3421804037121141,1.6458980471742768,1.6458980588284025,2.988078450886391,5,5,199,5
m3_adapt_paop_std|S1_1|blocked_open|binary|seed102,ok,,2026-03-02T05:41:15.292369+00:00,2026-03-02T05:41:20.256618+00:00,5.226211458910257,False,m3_adapt_paop_std,adapt,"(1,1)",102,131,3,hh,1.0,2.0,0.0,1.0,1.0,1,binary,blocked,open,,paop_std,2,5,3000,COBYLA,80,1e-06,1e-08,3000,5,eps_energy,1800,-1.3421804037121141,1.6458980471742768,1.6458980588284025,2.988078450886391,5,5,199,5
m3_adapt_paop_std|S1_1|blocked_open|binary|seed103,ok,,2026-03-02T05:41:20.518805+00:00,2026-03-02T05:41:25.303938+00:00,5.046407499816269,False,m3_adapt_paop_std,adapt,"(1,1)",103,132,3,hh,1.0,2.0,0.0,1.0,1.0,1,binary,blocked,open,,paop_std,2,5,3000,COBYLA,80,1e-06,1e-08,3000,5,eps_energy,1800,-1.3421804037121141,1.6458980471742768,1.6458980588284025,2.988078450886391,5,5,199,5
m3_adapt_paop_std|S1_1|blocked_open|binary|seed104,ok,,2026-03-02T05:41:25.566297+00:00,2026-03-02T05:41:30.350465+00:00,5.0454614157788455,False,m3_adapt_paop_std,adapt,"(1,1)",104,133,3,hh,1.0,2.0,0.0,1.0,1.0,1,binary,blocked,open,,paop_std,2,5,3000,COBYLA,80,1e-06,1e-08,3000,5,eps_energy,1800,-1.3421804037121141,1.6458980471742768,1.6458980588284025,2.988078450886391,5,5,199,5
m3_adapt_paop_std|S1_1|blocked_open|binary|seed105,ok,,2026-03-02T05:41:30.614062+00:00,2026-03-02T05:41:35.479362+00:00,5.127639000304043,False,m3_adapt_paop_std,adapt,"(1,1)",105,134,3,hh,1.0,2.0,0.0,1.0,1.0,1,binary,blocked,open,,paop_std,2,5,3000,COBYLA,80,1e-06,1e-08,3000,5,eps_energy,1800,-1.3421804037121141,1.6458980471742768,1.6458980588284025,2.988078450886391,5,5,199,5
m4_adapt_paop_lf_std|S1_1|blocked_open|binary|seed101,ok,,2026-03-02T05:41:35.734154+00:00,2026-03-02T05:41:40.714143+00:00,5.2332562087103724,False,m4_adapt_paop_lf_std,adapt,"(1,1)",101,135,3,hh,1.0,2.0,0.0,1.0,1.0,1,binary,blocked,open,,paop_lf_std,2,5,3000,COBYLA,80,1e-06,1e-08,3000,5,eps_energy,1800,-1.3421804037121141,1.6458980471742768,1.6458980588284025,2.988078450886391,5,7,199,5
m4_adapt_paop_lf_std|S1_1|blocked_open|binary|seed102,ok,,2026-03-02T05:41:40.974302+00:00,2026-03-02T05:41:46.346348+00:00,5.631378374993801,False,m4_adapt_paop_lf_std,adapt,"(1,1)",102,136,3,hh,1.0,2.0,0.0,1.0,1.0,1,binary,blocked,open,,paop_lf_std,2,5,3000,COBYLA,80,1e-06,1e-08,3000,5,eps_energy,1800,-1.3421804037121141,1.6458980471742768,1.6458980588284025,2.988078450886391,5,7,199,5
m4_adapt_paop_lf_std|S1_1|blocked_open|binary|seed103,ok,,2026-03-02T05:41:46.611589+00:00,2026-03-02T05:41:52.065467+00:00,5.717586707789451,False,m4_adapt_paop_lf_std,adapt,"(1,1)",103,137,3,hh,1.0,2.0,0.0,1.0,1.0,1,binary,blocked,open,,paop_lf_std,2,5,3000,COBYLA,80,1e-06,1e-08,3000,5,eps_energy,1800,-1.3421804037121141,1.6458980471742768,1.6458980588284025,2.988078450886391,5,7,199,5
m4_adapt_paop_lf_std|S1_1|blocked_open|binary|seed104,ok,,2026-03-02T05:41:52.312454+00:00,2026-03-02T05:41:57.378520+00:00,5.312109457794577,False,m4_adapt_paop_lf_std,adapt,"(1,1)",104,138,3,hh,1.0,2.0,0.0,1.0,1.0,1,binary,blocked,open,,paop_lf_std,2,5,3000,COBYLA,80,1e-06,1e-08,3000,5,eps_energy,1800,-1.3421804037121141,1.6458980471742768,1.6458980588284025,2.988078450886391,5,7,199,5
m4_adapt_paop_lf_std|S1_1|blocked_open|binary|seed105,ok,,2026-03-02T05:41:57.628971+00:00,2026-03-02T05:42:02.625894+00:00,5.2456040000543,False,m4_adapt_paop_lf_std,adapt,"(1,1)",105,139,3,hh,1.0,2.0,0.0,1.0,1.0,1,binary,blocked,open,,paop_lf_std,2,5,3000,COBYLA,80,1e-06,1e-08,3000,5,eps_energy,1800,-1.3421804037121141,1.6458980471742768,1.6458980588284025,2.988078450886391,5,7,199,5
m1_hh_hva|S1_1|blocked_open|unary|seed101,ok,,2026-03-02T05:42:02.879991+00:00,2026-03-02T06:05:11.769115+00:00,756.8678712081164,False,m1_hh_hva,conventional,"(1,1)",101,140,3,hh,1.0,2.0,0.0,1.0,1.0,1,unary,blocked,open,hh_hva,,2,5,3000,COBYLA,80,1e-06,1e-08,3000,,,1200,-1.3421804037121203,0.11380432936536956,0.24894093442796011,1.45598473307749,8,,1369,0
m1_hh_hva|S1_1|blocked_open|unary|seed102,ok,,2026-03-02T06:05:12.187104+00:00,2026-03-02T06:18:26.751674+00:00,794.9713028753176,False,m1_hh_hva,conventional,"(1,1)",102,141,3,hh,1.0,2.0,0.0,1.0,1.0,1,unary,blocked,open,hh_hva,,2,5,3000,COBYLA,80,1e-06,1e-08,3000,,,1200,-1.3421804037121203,0.1138043704902506,0.1138043704902506,1.455984774202371,8,,1427,0
m1_hh_hva|S1_1|blocked_open|unary|seed103,ok,,2026-03-02T06:18:27.192400+00:00,2026-03-02T06:31:57.851660+00:00,811.0903798332438,False,m1_hh_hva,conventional,"(1,1)",103,142,3,hh,1.0,2.0,0.0,1.0,1.0,1,unary,blocked,open,hh_hva,,2,5,3000,COBYLA,80,1e-06,1e-08,3000,,,1200,-1.3421804037121203,0.11380440335477494,0.11380443247543026,1.4559848070668953,8,,1456,0
m1_hh_hva|S1_1|blocked_open|unary|seed104,ok,,2026-03-02T06:31:58.323623+00:00,2026-03-02T06:44:15.993256+00:00,738.1186175411567,False,m1_hh_hva,conventional,"(1,1)",104,143,3,hh,1.0,2.0,0.0,1.0,1.0,1,unary,blocked,open,hh_hva,,2,5,3000,COBYLA,80,1e-06,1e-08,3000,,,1200,-1.3421804037121203,0.11380438793853628,0.19966009710335547,1.4559847916506565,8,,1321,0
m1_hh_hva|S1_1|blocked_open|unary|seed105,ok,,2026-03-02T06:44:16.533205+00:00,2026-03-02T07:14:51.308927+00:00,918.286160999909,False,m1_hh_hva,conventional,"(1,1)",105,144,3,hh,1.0,2.0,0.0,1.0,1.0,1,unary,blocked,open,hh_hva,,2,5,3000,COBYLA,80,1e-06,1e-08,3000,,,1200,-1.3421804037121203,0.11380434596972165,0.24894092743279755,1.4559847496818419,8,,1408,0
m2_hh_hva_tw|S1_1|blocked_open|unary|seed101,timeout,wallclock cap exceeded (1200s),2026-03-02T07:34:51.302725+00:00,2026-03-02T07:34:51.309927+00:00,1200.0038984171115,False,m2_hh_hva_tw,conventional,"(1,1)",101,145,3,hh,1.0,2.0,0.0,1.0,1.0,1,unary,blocked,open,,,2,5,3000,COBYLA,80,1e-06,1e-08,3000,,,1200,,,,,,,,
m2_hh_hva_tw|S1_1|blocked_open|unary|seed102,timeout,wallclock cap exceeded (1200s),2026-03-02T07:54:51.313310+00:00,2026-03-02T07:54:51.321996+00:00,1200.0043742498383,False,m2_hh_hva_tw,conventional,"(1,1)",102,146,3,hh,1.0,2.0,0.0,1.0,1.0,1,unary,blocked,open,,,2,5,3000,COBYLA,80,1e-06,1e-08,3000,,,1200,,,,,,,,
m2_hh_hva_tw|S1_1|blocked_open|unary|seed103,timeout,wallclock cap exceeded (1200s),2026-03-02T08:30:18.909334+00:00,2026-03-02T08:30:18.917504+00:00,1200.0043039158918,False,m2_hh_hva_tw,conventional,"(1,1)",103,147,3,hh,1.0,2.0,0.0,1.0,1.0,1,unary,blocked,open,,,2,5,3000,COBYLA,80,1e-06,1e-08,3000,,,1200,,,,,,,,
m2_hh_hva_tw|S1_1|blocked_open|unary|seed104,timeout,wallclock cap exceeded (1200s),2026-03-02T08:50:18.937146+00:00,2026-03-02T08:50:18.944681+00:00,1200.0040072500706,False,m2_hh_hva_tw,conventional,"(1,1)",104,148,3,hh,1.0,2.0,0.0,1.0,1.0,1,unary,blocked,open,,,2,5,3000,COBYLA,80,1e-06,1e-08,3000,,,1200,,,,,,,,
m2_hh_hva_tw|S1_1|blocked_open|unary|seed105,timeout,wallclock cap exceeded (1200s),2026-03-02T09:10:18.927044+00:00,2026-03-02T09:10:18.933429+00:00,1200.003889542073,False,m2_hh_hva_tw,conventional,"(1,1)",105,149,3,hh,1.0,2.0,0.0,1.0,1.0,1,unary,blocked,open,,,2,5,3000,COBYLA,80,1e-06,1e-08,3000,,,1200,,,,,,,,
m3_adapt_paop_std|S1_1|blocked_open|unary|seed101,ok,,2026-03-02T09:10:19.379802+00:00,2026-03-02T09:11:23.335106+00:00,64.39831362478435,False,m3_adapt_paop_std,adapt,"(1,1)",101,150,3,hh,1.0,2.0,0.0,1.0,1.0,1,unary,blocked,open,,paop_std,2,5,3000,COBYLA,80,1e-06,1e-08,3000,4,eps_energy,1800,-1.3421804037121203,1.6458980369736755,1.6458980369736755,2.988078440685796,4,5,153,4
m3_adapt_paop_std|S1_1|blocked_open|unary|seed102,ok,,2026-03-02T09:11:23.773272+00:00,2026-03-02T09:12:26.869078+00:00,63.532524708192796,False,m3_adapt_paop_std,adapt,"(1,1)",102,151,3,hh,1.0,2.0,0.0,1.0,1.0,1,unary,blocked,open,,paop_std,2,5,3000,COBYLA,80,1e-06,1e-08,3000,4,eps_energy,1800,-1.3421804037121203,1.6458980369736755,1.6458980369736755,2.988078440685796,4,5,153,4
m3_adapt_paop_std|S1_1|blocked_open|unary|seed103,ok,,2026-03-02T09:12:27.239976+00:00,2026-03-02T09:13:30.417747+00:00,63.54706291621551,False,m3_adapt_paop_std,adapt,"(1,1)",103,152,3,hh,1.0,2.0,0.0,1.0,1.0,1,unary,blocked,open,,paop_std,2,5,3000,COBYLA,80,1e-06,1e-08,3000,4,eps_energy,1800,-1.3421804037121203,1.6458980369736755,1.6458980369736755,2.988078440685796,4,5,153,4
m3_adapt_paop_std|S1_1|blocked_open|unary|seed104,ok,,2026-03-02T09:13:30.779663+00:00,2026-03-02T09:14:34.435320+00:00,64.01588729163632,False,m3_adapt_paop_std,adapt,"(1,1)",104,153,3,hh,1.0,2.0,0.0,1.0,1.0,1,unary,blocked,open,,paop_std,2,5,3000,COBYLA,80,1e-06,1e-08,3000,4,eps_energy,1800,-1.3421804037121203,1.6458980369736755,1.6458980369736755,2.988078440685796,4,5,153,4
m3_adapt_paop_std|S1_1|blocked_open|unary|seed105,ok,,2026-03-02T09:14:34.875325+00:00,2026-03-02T09:15:38.877347+00:00,64.440669500269,False,m3_adapt_paop_std,adapt,"(1,1)",105,154,3,hh,1.0,2.0,0.0,1.0,1.0,1,unary,blocked,open,,paop_std,2,5,3000,COBYLA,80,1e-06,1e-08,3000,4,eps_energy,1800,-1.3421804037121203,1.6458980369736755,1.6458980369736755,2.988078440685796,4,5,153,4
m4_adapt_paop_lf_std|S1_1|blocked_open|unary|seed101,ok,,2026-03-02T09:15:39.291523+00:00,2026-03-02T09:16:45.272125+00:00,66.39339420804754,False,m4_adapt_paop_lf_std,adapt,"(1,1)",101,155,3,hh,1.0,2.0,0.0,1.0,1.0,1,unary,blocked,open,,paop_lf_std,2,5,3000,COBYLA,80,1e-06,1e-08,3000,4,eps_energy,1800,-1.3421804037121203,1.6458980369736755,1.6458980369736755,2.988078440685796,4,7,153,4
m4_adapt_paop_lf_std|S1_1|blocked_open|unary|seed102,ok,,2026-03-02T09:16:45.641876+00:00,2026-03-02T09:17:51.400324+00:00,66.12592245778069,False,m4_adapt_paop_lf_std,adapt,"(1,1)",102,156,3,hh,1.0,2.0,0.0,1.0,1.0,1,unary,blocked,open,,paop_lf_std,2,5,3000,COBYLA,80,1e-06,1e-08,3000,4,eps_energy,1800,-1.3421804037121203,1.6458980369736755,1.6458980369736755,2.988078440685796,4,7,153,4
m4_adapt_paop_lf_std|S1_1|blocked_open|unary|seed103,ok,,2026-03-02T09:17:51.760503+00:00,2026-03-02T09:18:57.455786+00:00,66.05379433371127,False,m4_adapt_paop_lf_std,adapt,"(1,1)",103,157,3,hh,1.0,2.0,0.0,1.0,1.0,1,unary,blocked,open,,paop_lf_std,2,5,3000,COBYLA,80,1e-06,1e-08,3000,4,eps_energy,1800,-1.3421804037121203,1.6458980369736755,1.6458980369736755,2.988078440685796,4,7,153,4
m4_adapt_paop_lf_std|S1_1|blocked_open|unary|seed104,ok,,2026-03-02T09:18:57.824903+00:00,2026-03-02T09:20:04.139049+00:00,66.68167079100385,False,m4_adapt_paop_lf_std,adapt,"(1,1)",104,158,3,hh,1.0,2.0,0.0,1.0,1.0,1,unary,blocked,open,,paop_lf_std,2,5,3000,COBYLA,80,1e-06,1e-08,3000,4,eps_energy,1800,-1.3421804037121203,1.6458980369736755,1.6458980369736755,2.988078440685796,4,7,153,4
m4_adapt_paop_lf_std|S1_1|blocked_open|unary|seed105,ok,,2026-03-02T09:20:04.498102+00:00,2026-03-02T09:21:10.764607+00:00,66.6232817498967,False,m4_adapt_paop_lf_std,adapt,"(1,1)",105,159,3,hh,1.0,2.0,0.0,1.0,1.0,1,unary,blocked,open,,paop_lf_std,2,5,3000,COBYLA,80,1e-06,1e-08,3000,4,eps_energy,1800,-1.3421804037121203,1.6458980369736755,1.6458980369736755,2.988078440685796,4,7,153,4
m1_hh_hva|S1_1|interleaved_periodic|binary|seed101,ok,,2026-03-02T09:21:11.130184+00:00,2026-03-02T09:27:06.494615+00:00,355.7274624998681,False,m1_hh_hva,conventional,"(1,1)",101,160,3,hh,1.0,2.0,0.0,1.0,1.0,1,binary,interleaved,periodic,hh_hva,,2,5,3000,COBYLA,80,1e-06,1e-08,3000,,,1200,-2.4491143424518595,-1.1821399043292293,-1.182139466979069,1.2669744381226302,8,,5777,0
m1_hh_hva|S1_1|interleaved_periodic|binary|seed102,ok,,2026-03-02T09:27:06.945719+00:00,2026-03-02T09:32:34.137810+00:00,327.6012234999798,False,m1_hh_hva,conventional,"(1,1)",102,161,3,hh,1.0,2.0,0.0,1.0,1.0,1,binary,interleaved,periodic,hh_hva,,2,5,3000,COBYLA,80,1e-06,1e-08,3000,,,1200,-2.4491143424518595,-1.9780721268115096,-0.3036526368671236,0.47104221564035,8,,5145,0
m1_hh_hva|S1_1|interleaved_periodic|binary|seed103,ok,,2026-03-02T09:32:34.576823+00:00,2026-03-02T09:35:05.723204+00:00,151.58059991616756,False,m1_hh_hva,conventional,"(1,1)",103,162,3,hh,1.0,2.0,0.0,1.0,1.0,1,binary,interleaved,periodic,hh_hva,,2,5,3000,COBYLA,80,1e-06,1e-08,3000,,,1200,-2.4491143424518595,-1.1821392389604304,-1.1661119934711932,1.2669751034914292,8,,2380,0
m1_hh_hva|S1_1|interleaved_periodic|binary|seed104,ok,,2026-03-02T09:35:06.186913+00:00,2026-03-02T09:37:23.963769+00:00,138.23744233325124,False,m1_hh_hva,conventional,"(1,1)",104,163,3,hh,1.0,2.0,0.0,1.0,1.0,1,binary,interleaved,periodic,hh_hva,,2,5,3000,COBYLA,80,1e-06,1e-08,3000,,,1200,-2.4491143424518595,-1.166110142519761,-1.166108656648278,1.2830041999320985,8,,2482,0
m1_hh_hva|S1_1|interleaved_periodic|binary|seed105,ok,,2026-03-02T09:37:24.360885+00:00,2026-03-02T09:43:12.975485+00:00,349.0063124168664,False,m1_hh_hva,conventional,"(1,1)",105,164,3,hh,1.0,2.0,0.0,1.0,1.0,1,binary,interleaved,periodic,hh_hva,,2,5,3000,COBYLA,80,1e-06,1e-08,3000,,,1200,-2.4491143424518595,-1.1821386954167066,-1.1556899213686866,1.266975647035153,8,,6525,0
m2_hh_hva_tw|S1_1|interleaved_periodic|binary|seed101,ok,,2026-03-02T09:43:13.413236+00:00,2026-03-02T09:56:30.546907+00:00,797.5797012499534,False,m2_hh_hva_tw,conventional,"(1,1)",101,165,3,hh,1.0,2.0,0.0,1.0,1.0,1,binary,interleaved,periodic,hh_hva_tw,,2,5,3000,COBYLA,80,1e-06,1e-08,3000,,,1200,-2.4491143424518595,-2.3393374376389326,-2.3231549989670426,0.1097769048129269,64,,15000,0
m2_hh_hva_tw|S1_1|interleaved_periodic|binary|seed102,ok,,2026-03-02T09:56:30.947211+00:00,2026-03-02T10:09:40.366714+00:00,789.8133006673306,False,m2_hh_hva_tw,conventional,"(1,1)",102,166,3,hh,1.0,2.0,0.0,1.0,1.0,1,binary,interleaved,periodic,hh_hva_tw,,2,5,3000,COBYLA,80,1e-06,1e-08,3000,,,1200,-2.4491143424518595,-2.347298057343214,-2.3292969426272983,0.10181628510864549,64,,15000,0
m2_hh_hva_tw|S1_1|interleaved_periodic|binary|seed103,ok,,2026-03-02T10:09:40.795664+00:00,2026-03-02T10:23:05.041731+00:00,804.6359223751351,False,m2_hh_hva_tw,conventional,"(1,1)",103,167,3,hh,1.0,2.0,0.0,1.0,1.0,1,binary,interleaved,periodic,hh_hva_tw,,2,5,3000,COBYLA,80,1e-06,1e-08,3000,,,1200,-2.4491143424518595,-2.3652853431025145,-2.3427239390198697,0.08382899934934507,64,,15000,0
m2_hh_hva_tw|S1_1|interleaved_periodic|binary|seed104,ok,,2026-03-02T10:23:05.482143+00:00,2026-03-02T10:39:34.993485+00:00,777.1869899579324,False,m2_hh_hva_tw,conventional,"(1,1)",104,168,3,hh,1.0,2.0,0.0,1.0,1.0,1,binary,interleaved,periodic,hh_hva_tw,,2,5,3000,COBYLA,80,1e-06,1e-08,3000,,,1200,-2.4491143424518595,-2.3459311504057574,-2.3459311504057574,0.10318319204610216,64,,15000,0
m2_hh_hva_tw|S1_1|interleaved_periodic|binary|seed105,ok,,2026-03-02T10:39:35.403090+00:00,2026-03-02T10:52:29.077621+00:00,774.0722637078725,False,m2_hh_hva_tw,conventional,"(1,1)",105,169,3,hh,1.0,2.0,0.0,1.0,1.0,1,binary,interleaved,periodic,hh_hva_tw,,2,5,3000,COBYLA,80,1e-06,1e-08,3000,,,1200,-2.4491143424518595,-2.337173367777018,-2.236618372717476,0.11194097467484143,64,,15000,0
m3_adapt_paop_std|S1_1|interleaved_periodic|binary|seed101,ok,,2026-03-02T10:52:29.549457+00:00,2026-03-02T10:52:35.131332+00:00,6.050163000356406,False,m3_adapt_paop_std,adapt,"(1,1)",101,170,3,hh,1.0,2.0,0.0,1.0,1.0,1,binary,interleaved,periodic,,paop_std,2,5,3000,COBYLA,80,1e-06,1e-08,3000,5,eps_energy,1800,-2.4491143424518595,1.6458980471742768,1.6458980588284025,4.095012389626136,5,6,199,5
m3_adapt_paop_std|S1_1|interleaved_periodic|binary|seed102,ok,,2026-03-02T10:52:35.354434+00:00,2026-03-02T10:52:40.674722+00:00,5.542093167081475,False,m3_adapt_paop_std,adapt,"(1,1)",102,171,3,hh,1.0,2.0,0.0,1.0,1.0,1,binary,interleaved,periodic,,paop_std,2,5,3000,COBYLA,80,1e-06,1e-08,3000,5,eps_energy,1800,-2.4491143424518595,1.6458980471742768,1.6458980588284025,4.095012389626136,5,6,199,5
m3_adapt_paop_std|S1_1|interleaved_periodic|binary|seed103,ok,,2026-03-02T10:52:40.905075+00:00,2026-03-02T10:52:46.399905+00:00,5.724446208681911,False,m3_adapt_paop_std,adapt,"(1,1)",103,172,3,hh,1.0,2.0,0.0,1.0,1.0,1,binary,interleaved,periodic,,paop_std,2,5,3000,COBYLA,80,1e-06,1e-08,3000,5,eps_energy,1800,-2.4491143424518595,1.6458980471742768,1.6458980588284025,4.095012389626136,5,6,199,5
m3_adapt_paop_std|S1_1|interleaved_periodic|binary|seed104,ok,,2026-03-02T10:52:46.632264+00:00,2026-03-02T10:52:52.100216+00:00,5.699545625131577,False,m3_adapt_paop_std,adapt,"(1,1)",104,173,3,hh,1.0,2.0,0.0,1.0,1.0,1,binary,interleaved,periodic,,paop_std,2,5,3000,COBYLA,80,1e-06,1e-08,3000,5,eps_energy,1800,-2.4491143424518595,1.6458980471742768,1.6458980588284025,4.095012389626136,5,6,199,5
m3_adapt_paop_std|S1_1|interleaved_periodic|binary|seed105,ok,,2026-03-02T10:52:52.333488+00:00,2026-03-02T10:52:57.702587+00:00,5.601218416821212,False,m3_adapt_paop_std,adapt,"(1,1)",105,174,3,hh,1.0,2.0,0.0,1.0,1.0,1,binary,interleaved,periodic,,paop_std,2,5,3000,COBYLA,80,1e-06,1e-08,3000,5,eps_energy,1800,-2.4491143424518595,1.6458980471742768,1.6458980588284025,4.095012389626136,5,6,199,5
m4_adapt_paop_lf_std|S1_1|interleaved_periodic|binary|seed101,ok,,2026-03-02T10:52:57.927572+00:00,2026-03-02T10:53:03.832532+00:00,6.129134791903198,False,m4_adapt_paop_lf_std,adapt,"(1,1)",101,175,3,hh,1.0,2.0,0.0,1.0,1.0,1,binary,interleaved,periodic,,paop_lf_std,2,5,3000,COBYLA,80,1e-06,1e-08,3000,5,eps_energy,1800,-2.4491143424518595,1.6458980471742768,1.6458980588284025,4.095012389626136,5,9,199,5
m4_adapt_paop_lf_std|S1_1|interleaved_periodic|binary|seed102,ok,,2026-03-02T10:53:04.066584+00:00,2026-03-02T10:53:09.900018+00:00,6.066376042086631,False,m4_adapt_paop_lf_std,adapt,"(1,1)",102,176,3,hh,1.0,2.0,0.0,1.0,1.0,1,binary,interleaved,periodic,,paop_lf_std,2,5,3000,COBYLA,80,1e-06,1e-08,3000,5,eps_energy,1800,-2.4491143424518595,1.6458980471742768,1.6458980588284025,4.095012389626136,5,9,199,5
m4_adapt_paop_lf_std|S1_1|interleaved_periodic|binary|seed103,ok,,2026-03-02T10:53:10.132072+00:00,2026-03-02T10:53:15.902868+00:00,6.000921875238419,False,m4_adapt_paop_lf_std,adapt,"(1,1)",103,177,3,hh,1.0,2.0,0.0,1.0,1.0,1,binary,interleaved,periodic,,paop_lf_std,2,5,3000,COBYLA,80,1e-06,1e-08,3000,5,eps_energy,1800,-2.4491143424518595,1.6458980471742768,1.6458980588284025,4.095012389626136,5,9,199,5
m4_adapt_paop_lf_std|S1_1|interleaved_periodic|binary|seed104,ok,,2026-03-02T10:53:16.142143+00:00,2026-03-02T10:53:22.078626+00:00,6.174238291103393,False,m4_adapt_paop_lf_std,adapt,"(1,1)",104,178,3,hh,1.0,2.0,0.0,1.0,1.0,1,binary,interleaved,periodic,,paop_lf_std,2,5,3000,COBYLA,80,1e-06,1e-08,3000,5,eps_energy,1800,-2.4491143424518595,1.6458980471742768,1.6458980588284025,4.095012389626136,5,9,199,5
m4_adapt_paop_lf_std|S1_1|interleaved_periodic|binary|seed105,ok,,2026-03-02T10:53:22.306556+00:00,2026-03-02T10:53:27.976077+00:00,5.9051886247470975,False,m4_adapt_paop_lf_std,adapt,"(1,1)",105,179,3,hh,1.0,2.0,0.0,1.0,1.0,1,binary,interleaved,periodic,,paop_lf_std,2,5,3000,COBYLA,80,1e-06,1e-08,3000,5,eps_energy,1800,-2.4491143424518595,1.6458980471742768,1.6458980588284025,4.095012389626136,5,9,199,5
m1_hh_hva|S1_1|interleaved_periodic|unary|seed101,timeout,wallclock cap exceeded (1200s),2026-03-02T11:13:27.963557+00:00,2026-03-02T11:13:27.969147+00:00,1200.0039231250994,False,m1_hh_hva,conventional,"(1,1)",101,180,3,hh,1.0,2.0,0.0,1.0,1.0,1,unary,interleaved,periodic,,,2,5,3000,COBYLA,80,1e-06,1e-08,3000,,,1200,,,,,,,,
m1_hh_hva|S1_1|interleaved_periodic|unary|seed102,timeout,wallclock cap exceeded (1200s),2026-03-02T11:33:27.969784+00:00,2026-03-02T11:33:27.978151+00:00,1200.0040790420026,False,m1_hh_hva,conventional,"(1,1)",102,181,3,hh,1.0,2.0,0.0,1.0,1.0,1,unary,interleaved,periodic,,,2,5,3000,COBYLA,80,1e-06,1e-08,3000,,,1200,,,,,,,,
m1_hh_hva|S1_1|interleaved_periodic|unary|seed103,timeout,wallclock cap exceeded (1200s),2026-03-02T11:53:27.968147+00:00,2026-03-02T11:53:27.974187+00:00,1200.0037572500296,False,m1_hh_hva,conventional,"(1,1)",103,182,3,hh,1.0,2.0,0.0,1.0,1.0,1,unary,interleaved,periodic,,,2,5,3000,COBYLA,80,1e-06,1e-08,3000,,,1200,,,,,,,,
m1_hh_hva|S1_1|interleaved_periodic|unary|seed104,timeout,wallclock cap exceeded (1200s),2026-03-02T12:13:28.017174+00:00,2026-03-02T12:13:28.025163+00:00,1200.004141625017,False,m1_hh_hva,conventional,"(1,1)",104,183,3,hh,1.0,2.0,0.0,1.0,1.0,1,unary,interleaved,periodic,,,2,5,3000,COBYLA,80,1e-06,1e-08,3000,,,1200,,,,,,,,
m1_hh_hva|S1_1|interleaved_periodic|unary|seed105,timeout,wallclock cap exceeded (1200s),2026-03-02T12:33:28.042131+00:00,2026-03-02T12:33:28.049151+00:00,1200.0042622080073,False,m1_hh_hva,conventional,"(1,1)",105,184,3,hh,1.0,2.0,0.0,1.0,1.0,1,unary,interleaved,periodic,,,2,5,3000,COBYLA,80,1e-06,1e-08,3000,,,1200,,,,,,,,
m2_hh_hva_tw|S1_1|interleaved_periodic|unary|seed101,timeout,wallclock cap exceeded (1200s),2026-03-02T13:26:05.870336+00:00,2026-03-02T13:26:05.877269+00:00,1200.0032110828906,False,m2_hh_hva_tw,conventional,"(1,1)",101,185,3,hh,1.0,2.0,0.0,1.0,1.0,1,unary,interleaved,periodic,,,2,5,3000,COBYLA,80,1e-06,1e-08,3000,,,1200,,,,,,,,
m2_hh_hva_tw|S1_1|interleaved_periodic|unary|seed102,timeout,wallclock cap exceeded (1200s),2026-03-02T13:46:05.826651+00:00,2026-03-02T13:46:05.832373+00:00,1200.004550917074,False,m2_hh_hva_tw,conventional,"(1,1)",102,186,3,hh,1.0,2.0,0.0,1.0,1.0,1,unary,interleaved,periodic,,,2,5,3000,COBYLA,80,1e-06,1e-08,3000,,,1200,,,,,,,,
m2_hh_hva_tw|S1_1|interleaved_periodic|unary|seed103,timeout,wallclock cap exceeded (1200s),2026-03-02T14:06:05.829271+00:00,2026-03-02T14:06:05.835919+00:00,1200.0031896252185,False,m2_hh_hva_tw,conventional,"(1,1)",103,187,3,hh,1.0,2.0,0.0,1.0,1.0,1,unary,interleaved,periodic,,,2,5,3000,COBYLA,80,1e-06,1e-08,3000,,,1200,,,,,,,,
m2_hh_hva_tw|S1_1|interleaved_periodic|unary|seed104,timeout,wallclock cap exceeded (1200s),2026-03-02T14:26:05.868236+00:00,2026-03-02T14:26:05.875871+00:00,1200.0035972921178,False,m2_hh_hva_tw,conventional,"(1,1)",104,188,3,hh,1.0,2.0,0.0,1.0,1.0,1,unary,interleaved,periodic,,,2,5,3000,COBYLA,80,1e-06,1e-08,3000,,,1200,,,,,,,,
m2_hh_hva_tw|S1_1|interleaved_periodic|unary|seed105,timeout,wallclock cap exceeded (1200s),2026-03-02T15:02:28.345240+00:00,2026-03-02T15:02:28.366821+00:00,1200.003363874741,False,m2_hh_hva_tw,conventional,"(1,1)",105,189,3,hh,1.0,2.0,0.0,1.0,1.0,1,unary,interleaved,periodic,,,2,5,3000,COBYLA,80,1e-06,1e-08,3000,,,1200,,,,,,,,
m3_adapt_paop_std|S1_1|interleaved_periodic|unary|seed101,ok,,2026-03-02T15:02:28.991187+00:00,2026-03-02T15:03:33.434942+00:00,65.05755512462929,False,m3_adapt_paop_std,adapt,"(1,1)",101,190,3,hh,1.0,2.0,0.0,1.0,1.0,1,unary,interleaved,periodic,,paop_std,2,5,3000,COBYLA,80,1e-06,1e-08,3000,4,eps_energy,1800,-2.4491143424518547,1.6458980369736755,1.6458980369736755,4.09501237942553,4,6,153,4
m3_adapt_paop_std|S1_1|interleaved_periodic|unary|seed102,ok,,2026-03-02T15:03:33.863639+00:00,2026-03-02T15:04:36.877732+00:00,63.43997708288953,False,m3_adapt_paop_std,adapt,"(1,1)",102,191,3,hh,1.0,2.0,0.0,1.0,1.0,1,unary,interleaved,periodic,,paop_std,2,5,3000,COBYLA,80,1e-06,1e-08,3000,4,eps_energy,1800,-2.4491143424518547,1.6458980369736755,1.6458980369736755,4.09501237942553,4,6,153,4
m3_adapt_paop_std|S1_1|interleaved_periodic|unary|seed103,ok,,2026-03-02T15:04:37.293527+00:00,2026-03-02T15:05:42.201334+00:00,65.31966391671449,False,m3_adapt_paop_std,adapt,"(1,1)",103,192,3,hh,1.0,2.0,0.0,1.0,1.0,1,unary,interleaved,periodic,,paop_std,2,5,3000,COBYLA,80,1e-06,1e-08,3000,4,eps_energy,1800,-2.4491143424518547,1.6458980369736755,1.6458980369736755,4.09501237942553,4,6,153,4
m3_adapt_paop_std|S1_1|interleaved_periodic|unary|seed104,ok,,2026-03-02T15:05:42.629086+00:00,2026-03-02T15:06:47.809211+00:00,65.60519924992695,False,m3_adapt_paop_std,adapt,"(1,1)",104,193,3,hh,1.0,2.0,0.0,1.0,1.0,1,unary,interleaved,periodic,,paop_std,2,5,3000,COBYLA,80,1e-06,1e-08,3000,4,eps_energy,1800,-2.4491143424518547,1.6458980369736755,1.6458980369736755,4.09501237942553,4,6,153,4
m3_adapt_paop_std|S1_1|interleaved_periodic|unary|seed105,ok,,2026-03-02T15:06:48.253417+00:00,2026-03-02T15:07:50.487566+00:00,62.67550979182124,False,m3_adapt_paop_std,adapt,"(1,1)",105,194,3,hh,1.0,2.0,0.0,1.0,1.0,1,unary,interleaved,periodic,,paop_std,2,5,3000,COBYLA,80,1e-06,1e-08,3000,4,eps_energy,1800,-2.4491143424518547,1.6458980369736755,1.6458980369736755,4.09501237942553,4,6,153,4
m4_adapt_paop_lf_std|S1_1|interleaved_periodic|unary|seed101,ok,,2026-03-02T15:07:50.862256+00:00,2026-03-02T15:08:56.411054+00:00,65.92023612512276,False,m4_adapt_paop_lf_std,adapt,"(1,1)",101,195,3,hh,1.0,2.0,0.0,1.0,1.0,1,unary,interleaved,periodic,,paop_lf_std,2,5,3000,COBYLA,80,1e-06,1e-08,3000,4,eps_energy,1800,-2.4491143424518547,1.6458980369736755,1.6458980369736755,4.09501237942553,4,9,153,4
m4_adapt_paop_lf_std|S1_1|interleaved_periodic|unary|seed102,ok,,2026-03-02T15:08:56.849926+00:00,2026-03-02T15:10:04.474847+00:00,68.06097549991682,False,m4_adapt_paop_lf_std,adapt,"(1,1)",102,196,3,hh,1.0,2.0,0.0,1.0,1.0,1,unary,interleaved,periodic,,paop_lf_std,2,5,3000,COBYLA,80,1e-06,1e-08,3000,4,eps_energy,1800,-2.4491143424518547,1.6458980369736755,1.6458980369736755,4.09501237942553,4,9,153,4
m4_adapt_paop_lf_std|S1_1|interleaved_periodic|unary|seed103,ok,,2026-03-02T15:10:04.906265+00:00,2026-03-02T15:11:09.992761+00:00,65.51519141718745,False,m4_adapt_paop_lf_std,adapt,"(1,1)",103,197,3,hh,1.0,2.0,0.0,1.0,1.0,1,unary,interleaved,periodic,,paop_lf_std,2,5,3000,COBYLA,80,1e-06,1e-08,3000,4,eps_energy,1800,-2.4491143424518547,1.6458980369736755,1.6458980369736755,4.09501237942553,4,9,153,4
m4_adapt_paop_lf_std|S1_1|interleaved_periodic|unary|seed104,ok,,2026-03-02T15:11:10.443242+00:00,2026-03-02T15:12:16.424912+00:00,66.42948012473062,False,m4_adapt_paop_lf_std,adapt,"(1,1)",104,198,3,hh,1.0,2.0,0.0,1.0,1.0,1,unary,interleaved,periodic,,paop_lf_std,2,5,3000,COBYLA,80,1e-06,1e-08,3000,4,eps_energy,1800,-2.4491143424518547,1.6458980369736755,1.6458980369736755,4.09501237942553,4,9,153,4
m4_adapt_paop_lf_std|S1_1|interleaved_periodic|unary|seed105,ok,,2026-03-02T15:12:16.850962+00:00,2026-03-02T15:13:20.812090+00:00,64.38411812484264,False,m4_adapt_paop_lf_std,adapt,"(1,1)",105,199,3,hh,1.0,2.0,0.0,1.0,1.0,1,unary,interleaved,periodic,,paop_lf_std,2,5,3000,COBYLA,80,1e-06,1e-08,3000,4,eps_energy,1800,-2.4491143424518547,1.6458980369736755,1.6458980369736755,4.09501237942553,4,9,153,4
m1_hh_hva|S1_1|interleaved_open|binary|seed101,ok,,2026-03-02T15:13:21.328569+00:00,2026-03-02T15:14:23.035131+00:00,62.21970308292657,False,m1_hh_hva,conventional,"(1,1)",101,200,3,hh,1.0,2.0,0.0,1.0,1.0,1,binary,interleaved,open,hh_hva,,2,5,3000,COBYLA,80,1e-06,1e-08,3000,,,1200,-1.3421804037121168,0.11380432936543267,0.24894093442779097,1.4559847330775495,8,,1374,0
m1_hh_hva|S1_1|interleaved_open|binary|seed102,ok,,2026-03-02T15:14:23.514789+00:00,2026-03-02T15:15:48.510776+00:00,85.47222104202956,False,m1_hh_hva,conventional,"(1,1)",102,201,3,hh,1.0,2.0,0.0,1.0,1.0,1,binary,interleaved,open,hh_hva,,2,5,3000,COBYLA,80,1e-06,1e-08,3000,,,1200,-1.3421804037121168,0.1138044575712901,0.11380447119903322,1.4559848612834068,8,,1848,0
m1_hh_hva|S1_1|interleaved_open|binary|seed103,ok,,2026-03-02T15:15:48.942037+00:00,2026-03-02T15:16:57.239321+00:00,68.72505512507632,False,m1_hh_hva,conventional,"(1,1)",103,202,3,hh,1.0,2.0,0.0,1.0,1.0,1,binary,interleaved,open,hh_hva,,2,5,3000,COBYLA,80,1e-06,1e-08,3000,,,1200,-1.3421804037121168,0.11380441122412638,0.11380442753584236,1.455984814936243,8,,1508,0
m1_hh_hva|S1_1|interleaved_open|binary|seed104,ok,,2026-03-02T15:16:57.660838+00:00,2026-03-02T15:18:03.798219+00:00,66.55578608298674,False,m1_hh_hva,conventional,"(1,1)",104,203,3,hh,1.0,2.0,0.0,1.0,1.0,1,binary,interleaved,open,hh_hva,,2,5,3000,COBYLA,80,1e-06,1e-08,3000,,,1200,-1.3421804037121168,0.11380433422635747,0.19966028289832313,1.4559847379384743,8,,1475,0
m1_hh_hva|S1_1|interleaved_open|binary|seed105,ok,,2026-03-02T15:18:04.214887+00:00,2026-03-02T15:19:05.657136+00:00,61.85621937504038,False,m1_hh_hva,conventional,"(1,1)",105,204,3,hh,1.0,2.0,0.0,1.0,1.0,1,binary,interleaved,open,hh_hva,,2,5,3000,COBYLA,80,1e-06,1e-08,3000,,,1200,-1.3421804037121168,0.11380434596967778,0.2489412294575662,1.4559847496817946,8,,1320,0
m2_hh_hva_tw|S1_1|interleaved_open|binary|seed101,ok,,2026-03-02T15:19:05.970858+00:00,2026-03-02T15:30:32.804433+00:00,687.1441917079501,False,m2_hh_hva_tw,conventional,"(1,1)",101,205,3,hh,1.0,2.0,0.0,1.0,1.0,1,binary,interleaved,open,hh_hva_tw,,2,5,3000,COBYLA,80,1e-06,1e-08,3000,,,1200,-1.3421804037121168,-1.2558862848172871,-1.2420759652505133,0.08629411889482963,56,,15000,0
m2_hh_hva_tw|S1_1|interleaved_open|binary|seed102,ok,,2026-03-02T15:30:33.241871+00:00,2026-03-02T15:41:58.585422+00:00,685.7723498339765,False,m2_hh_hva_tw,conventional,"(1,1)",102,206,3,hh,1.0,2.0,0.0,1.0,1.0,1,binary,interleaved,open,hh_hva_tw,,2,5,3000,COBYLA,80,1e-06,1e-08,3000,,,1200,-1.3421804037121168,-1.3012773806770812,-1.272022842513868,0.04090302303503557,56,,15000,0
m2_hh_hva_tw|S1_1|interleaved_open|binary|seed103,ok,,2026-03-02T15:41:59.023583+00:00,2026-03-02T15:53:27.394298+00:00,688.7998039997183,False,m2_hh_hva_tw,conventional,"(1,1)",103,207,3,hh,1.0,2.0,0.0,1.0,1.0,1,binary,interleaved,open,hh_hva_tw,,2,5,3000,COBYLA,80,1e-06,1e-08,3000,,,1200,-1.3421804037121168,-1.2964667482262806,-1.1844821054767634,0.04571365548583617,56,,15000,0
m2_hh_hva_tw|S1_1|interleaved_open|binary|seed104,ok,,2026-03-02T15:53:27.880212+00:00,2026-03-02T16:05:18.880617+00:00,711.4549426669255,False,m2_hh_hva_tw,conventional,"(1,1)",104,208,3,hh,1.0,2.0,0.0,1.0,1.0,1,binary,interleaved,open,hh_hva_tw,,2,5,3000,COBYLA,80,1e-06,1e-08,3000,,,1200,-1.3421804037121168,-1.2774520411804353,-1.2302327985854307,0.06472836253168146,56,,15000,0
m2_hh_hva_tw|S1_1|interleaved_open|binary|seed105,ok,,2026-03-02T16:05:19.378507+00:00,2026-03-02T16:16:51.943643+00:00,693.0498588746414,False,m2_hh_hva_tw,conventional,"(1,1)",105,209,3,hh,1.0,2.0,0.0,1.0,1.0,1,binary,interleaved,open,hh_hva_tw,,2,5,3000,COBYLA,80,1e-06,1e-08,3000,,,1200,-1.3421804037121168,-1.276242315728281,-1.2503776278756538,0.06593808798383582,56,,15000,0
m3_adapt_paop_std|S1_1|interleaved_open|binary|seed101,ok,,2026-03-02T16:16:52.649403+00:00,2026-03-02T16:16:57.973912+00:00,6.027986334171146,False,m3_adapt_paop_std,adapt,"(1,1)",101,210,3,hh,1.0,2.0,0.0,1.0,1.0,1,binary,interleaved,open,,paop_std,2,5,3000,COBYLA,80,1e-06,1e-08,3000,5,eps_energy,1800,-1.3421804037121168,1.6458980471742768,1.6458980588284025,2.988078450886394,5,5,199,5
m3_adapt_paop_std|S1_1|interleaved_open|binary|seed102,ok,,2026-03-02T16:16:58.303153+00:00,2026-03-02T16:17:04.009748+00:00,6.033960666973144,False,m3_adapt_paop_std,adapt,"(1,1)",102,211,3,hh,1.0,2.0,0.0,1.0,1.0,1,binary,interleaved,open,,paop_std,2,5,3000,COBYLA,80,1e-06,1e-08,3000,5,eps_energy,1800,-1.3421804037121168,1.6458980471742768,1.6458980588284025,2.988078450886394,5,5,199,5
m3_adapt_paop_std|S1_1|interleaved_open|binary|seed103,ok,,2026-03-02T16:17:04.348276+00:00,2026-03-02T16:17:09.964835+00:00,5.9530467092990875,False,m3_adapt_paop_std,adapt,"(1,1)",103,212,3,hh,1.0,2.0,0.0,1.0,1.0,1,binary,interleaved,open,,paop_std,2,5,3000,COBYLA,80,1e-06,1e-08,3000,5,eps_energy,1800,-1.3421804037121168,1.6458980471742768,1.6458980588284025,2.988078450886394,5,5,199,5
m3_adapt_paop_std|S1_1|interleaved_open|binary|seed104,ok,,2026-03-02T16:17:10.268797+00:00,2026-03-02T16:17:16.600380+00:00,6.6340542091056705,False,m3_adapt_paop_std,adapt,"(1,1)",104,213,3,hh,1.0,2.0,0.0,1.0,1.0,1,binary,interleaved,open,,paop_std,2,5,3000,COBYLA,80,1e-06,1e-08,3000,5,eps_energy,1800,-1.3421804037121168,1.6458980471742768,1.6458980588284025,2.988078450886394,5,5,199,5
m3_adapt_paop_std|S1_1|interleaved_open|binary|seed105,ok,,2026-03-02T16:17:16.954151+00:00,2026-03-02T16:17:22.052177+00:00,5.449153958819807,False,m3_adapt_paop_std,adapt,"(1,1)",105,214,3,hh,1.0,2.0,0.0,1.0,1.0,1,binary,interleaved,open,,paop_std,2,5,3000,COBYLA,80,1e-06,1e-08,3000,5,eps_energy,1800,-1.3421804037121168,1.6458980471742768,1.6458980588284025,2.988078450886394,5,5,199,5
m4_adapt_paop_lf_std|S1_1|interleaved_open|binary|seed101,ok,,2026-03-02T16:17:22.362632+00:00,2026-03-02T16:17:27.697083+00:00,5.643513833172619,False,m4_adapt_paop_lf_std,adapt,"(1,1)",101,215,3,hh,1.0,2.0,0.0,1.0,1.0,1,binary,interleaved,open,,paop_lf_std,2,5,3000,COBYLA,80,1e-06,1e-08,3000,5,eps_energy,1800,-1.3421804037121168,1.6458980471742768,1.6458980588284025,2.988078450886394,5,7,199,5
m4_adapt_paop_lf_std|S1_1|interleaved_open|binary|seed102,ok,,2026-03-02T16:17:28.008897+00:00,2026-03-02T16:17:33.137063+00:00,5.438641749788076,False,m4_adapt_paop_lf_std,adapt,"(1,1)",102,216,3,hh,1.0,2.0,0.0,1.0,1.0,1,binary,interleaved,open,,paop_lf_std,2,5,3000,COBYLA,80,1e-06,1e-08,3000,5,eps_energy,1800,-1.3421804037121168,1.6458980471742768,1.6458980588284025,2.988078450886394,5,7,199,5
m4_adapt_paop_lf_std|S1_1|interleaved_open|binary|seed103,ok,,2026-03-02T16:17:33.455284+00:00,2026-03-02T16:17:38.656859+00:00,5.518478459212929,False,m4_adapt_paop_lf_std,adapt,"(1,1)",103,217,3,hh,1.0,2.0,0.0,1.0,1.0,1,binary,interleaved,open,,paop_lf_std,2,5,3000,COBYLA,80,1e-06,1e-08,3000,5,eps_energy,1800,-1.3421804037121168,1.6458980471742768,1.6458980588284025,2.988078450886394,5,7,199,5
m4_adapt_paop_lf_std|S1_1|interleaved_open|binary|seed104,ok,,2026-03-02T16:17:38.961646+00:00,2026-03-02T16:17:43.987898+00:00,5.329583957791328,False,m4_adapt_paop_lf_std,adapt,"(1,1)",104,218,3,hh,1.0,2.0,0.0,1.0,1.0,1,binary,interleaved,open,,paop_lf_std,2,5,3000,COBYLA,80,1e-06,1e-08,3000,5,eps_energy,1800,-1.3421804037121168,1.6458980471742768,1.6458980588284025,2.988078450886394,5,7,199,5
m4_adapt_paop_lf_std|S1_1|interleaved_open|binary|seed105,ok,,2026-03-02T16:17:44.230166+00:00,2026-03-02T16:17:49.464488+00:00,5.475134042091668,False,m4_adapt_paop_lf_std,adapt,"(1,1)",105,219,3,hh,1.0,2.0,0.0,1.0,1.0,1,binary,interleaved,open,,paop_lf_std,2,5,3000,COBYLA,80,1e-06,1e-08,3000,5,eps_energy,1800,-1.3421804037121168,1.6458980471742768,1.6458980588284025,2.988078450886394,5,7,199,5
m1_hh_hva|S1_1|interleaved_open|unary|seed101,ok,,2026-03-02T16:17:49.716525+00:00,2026-03-02T16:30:36.219900+00:00,766.8010381250642,False,m1_hh_hva,conventional,"(1,1)",101,220,3,hh,1.0,2.0,0.0,1.0,1.0,1,unary,interleaved,open,hh_hva,,2,5,3000,COBYLA,80,1e-06,1e-08,3000,,,1200,-1.342180403712112,0.11380432936546377,0.24894109932618458,1.4559847330775757,8,,1367,0
m1_hh_hva|S1_1|interleaved_open|unary|seed102,ok,,2026-03-02T16:30:36.715392+00:00,2026-03-02T16:44:24.384291+00:00,828.1645246660337,False,m1_hh_hva,conventional,"(1,1)",102,221,3,hh,1.0,2.0,0.0,1.0,1.0,1,unary,interleaved,open,hh_hva,,2,5,3000,COBYLA,80,1e-06,1e-08,3000,,,1200,-1.342180403712112,0.11380445757137969,0.2489409144260395,1.4559848612834916,8,,1497,0
m1_hh_hva|S1_1|interleaved_open|unary|seed103,ok,,2026-03-02T16:44:24.874060+00:00,2026-03-02T16:56:45.213357+00:00,740.8297078339383,False,m1_hh_hva,conventional,"(1,1)",103,222,3,hh,1.0,2.0,0.0,1.0,1.0,1,unary,interleaved,open,hh_hva,,2,5,3000,COBYLA,80,1e-06,1e-08,3000,,,1200,-1.342180403712112,0.1138043613315857,0.11380445004818004,1.4559847650436977,8,,1327,0
m1_hh_hva|S1_1|interleaved_open|unary|seed104,ok,,2026-03-02T16:56:45.641015+00:00,2026-03-02T17:10:05.872676+00:00,800.6293651661836,False,m1_hh_hva,conventional,"(1,1)",104,223,3,hh,1.0,2.0,0.0,1.0,1.0,1,unary,interleaved,open,hh_hva,,2,5,3000,COBYLA,80,1e-06,1e-08,3000,,,1200,-1.342180403712112,0.11380442187593207,0.1996600971076955,1.4559848255880439,8,,1417,0
m1_hh_hva|S1_1|interleaved_open|unary|seed105,ok,,2026-03-02T17:10:06.381637+00:00,2026-03-02T17:24:57.494892+00:00,891.6096034590155,False,m1_hh_hva,conventional,"(1,1)",105,224,3,hh,1.0,2.0,0.0,1.0,1.0,1,unary,interleaved,open,hh_hva,,2,5,3000,COBYLA,80,1e-06,1e-08,3000,,,1200,-1.342180403712112,0.11380436423693394,0.24894092743259139,1.4559847679490459,8,,1486,0
m2_hh_hva_tw|S1_1|interleaved_open|unary|seed101,timeout,wallclock cap exceeded (1200s),2026-03-02T17:44:57.514499+00:00,2026-03-02T17:44:57.520046+00:00,1200.0058942092583,False,m2_hh_hva_tw,conventional,"(1,1)",101,225,3,hh,1.0,2.0,0.0,1.0,1.0,1,unary,interleaved,open,,,2,5,3000,COBYLA,80,1e-06,1e-08,3000,,,1200,,,,,,,,
m2_hh_hva_tw|S1_1|interleaved_open|unary|seed102,timeout,wallclock cap exceeded (1200s),2026-03-02T18:04:57.544372+00:00,2026-03-02T18:04:57.550495+00:00,1200.0048859999515,False,m2_hh_hva_tw,conventional,"(1,1)",102,226,3,hh,1.0,2.0,0.0,1.0,1.0,1,unary,interleaved,open,,,2,5,3000,COBYLA,80,1e-06,1e-08,3000,,,1200,,,,,,,,
m2_hh_hva_tw|S1_1|interleaved_open|unary|seed103,timeout,wallclock cap exceeded (1200s),2026-03-02T18:24:57.579369+00:00,2026-03-02T18:24:57.585656+00:00,1200.0031552920118,False,m2_hh_hva_tw,conventional,"(1,1)",103,227,3,hh,1.0,2.0,0.0,1.0,1.0,1,unary,interleaved,open,,,2,5,3000,COBYLA,80,1e-06,1e-08,3000,,,1200,,,,,,,,
m2_hh_hva_tw|S1_1|interleaved_open|unary|seed104,timeout,wallclock cap exceeded (1200s),2026-03-02T18:44:57.611240+00:00,2026-03-02T18:44:57.615664+00:00,1200.0083332089707,False,m2_hh_hva_tw,conventional,"(1,1)",104,228,3,hh,1.0,2.0,0.0,1.0,1.0,1,unary,interleaved,open,,,2,5,3000,COBYLA,80,1e-06,1e-08,3000,,,1200,,,,,,,,
m2_hh_hva_tw|S1_1|interleaved_open|unary|seed105,timeout,wallclock cap exceeded (1200s),2026-03-02T19:04:57.672817+00:00,2026-03-02T19:04:57.677230+00:00,1200.0130133330822,False,m2_hh_hva_tw,conventional,"(1,1)",105,229,3,hh,1.0,2.0,0.0,1.0,1.0,1,unary,interleaved,open,,,2,5,3000,COBYLA,80,1e-06,1e-08,3000,,,1200,,,,,,,,
m3_adapt_paop_std|S1_1|interleaved_open|unary|seed101,ok,,2026-03-02T19:04:58.203519+00:00,2026-03-02T19:05:54.257565+00:00,56.56842612521723,False,m3_adapt_paop_std,adapt,"(1,1)",101,230,3,hh,1.0,2.0,0.0,1.0,1.0,1,unary,interleaved,open,,paop_std,2,5,3000,COBYLA,80,1e-06,1e-08,3000,4,eps_energy,1800,-1.342180403712112,1.6458980369736755,1.6458980369736755,2.988078440685787,4,5,153,4
m3_adapt_paop_std|S1_1|interleaved_open|unary|seed102,ok,,2026-03-02T19:05:54.692968+00:00,2026-03-02T19:06:50.298477+00:00,56.03678429219872,False,m3_adapt_paop_std,adapt,"(1,1)",102,231,3,hh,1.0,2.0,0.0,1.0,1.0,1,unary,interleaved,open,,paop_std,2,5,3000,COBYLA,80,1e-06,1e-08,3000,4,eps_energy,1800,-1.342180403712112,1.6458980369736755,1.6458980369736755,2.988078440685787,4,5,153,4
m3_adapt_paop_std|S1_1|interleaved_open|unary|seed103,ok,,2026-03-02T19:06:50.669939+00:00,2026-03-02T19:07:49.388936+00:00,59.08616724982858,False,m3_adapt_paop_std,adapt,"(1,1)",103,232,3,hh,1.0,2.0,0.0,1.0,1.0,1,unary,interleaved,open,,paop_std,2,5,3000,COBYLA,80,1e-06,1e-08,3000,4,eps_energy,1800,-1.342180403712112,1.6458980369736755,1.6458980369736755,2.988078440685787,4,5,153,4
m3_adapt_paop_std|S1_1|interleaved_open|unary|seed104,ok,,2026-03-02T19:07:49.894224+00:00,2026-03-02T19:08:49.108865+00:00,59.71586583275348,False,m3_adapt_paop_std,adapt,"(1,1)",104,233,3,hh,1.0,2.0,0.0,1.0,1.0,1,unary,interleaved,open,,paop_std,2,5,3000,COBYLA,80,1e-06,1e-08,3000,4,eps_energy,1800,-1.342180403712112,1.6458980369736755,1.6458980369736755,2.988078440685787,4,5,153,4
m3_adapt_paop_std|S1_1|interleaved_open|unary|seed105,ok,,2026-03-02T19:08:49.584931+00:00,2026-03-02T19:09:46.196020+00:00,57.08381870761514,False,m3_adapt_paop_std,adapt,"(1,1)",105,234,3,hh,1.0,2.0,0.0,1.0,1.0,1,unary,interleaved,open,,paop_std,2,5,3000,COBYLA,80,1e-06,1e-08,3000,4,eps_energy,1800,-1.342180403712112,1.6458980369736755,1.6458980369736755,2.988078440685787,4,5,153,4
m4_adapt_paop_lf_std|S1_1|interleaved_open|unary|seed101,ok,,2026-03-02T19:09:46.652947+00:00,2026-03-02T19:10:48.715832+00:00,62.51619616569951,False,m4_adapt_paop_lf_std,adapt,"(1,1)",101,235,3,hh,1.0,2.0,0.0,1.0,1.0,1,unary,interleaved,open,,paop_lf_std,2,5,3000,COBYLA,80,1e-06,1e-08,3000,4,eps_energy,1800,-1.342180403712112,1.6458980369736755,1.6458980369736755,2.988078440685787,4,7,153,4
m4_adapt_paop_lf_std|S1_1|interleaved_open|unary|seed102,ok,,2026-03-02T19:10:49.220648+00:00,2026-03-02T19:11:49.476463+00:00,60.75670229177922,False,m4_adapt_paop_lf_std,adapt,"(1,1)",102,236,3,hh,1.0,2.0,0.0,1.0,1.0,1,unary,interleaved,open,,paop_lf_std,2,5,3000,COBYLA,80,1e-06,1e-08,3000,4,eps_energy,1800,-1.342180403712112,1.6458980369736755,1.6458980369736755,2.988078440685787,4,7,153,4
m4_adapt_paop_lf_std|S1_1|interleaved_open|unary|seed103,ok,,2026-03-02T19:11:49.939419+00:00,2026-03-02T19:12:49.145295+00:00,59.66439212532714,False,m4_adapt_paop_lf_std,adapt,"(1,1)",103,237,3,hh,1.0,2.0,0.0,1.0,1.0,1,unary,interleaved,open,,paop_lf_std,2,5,3000,COBYLA,80,1e-06,1e-08,3000,4,eps_energy,1800,-1.342180403712112,1.6458980369736755,1.6458980369736755,2.988078440685787,4,7,153,4
m4_adapt_paop_lf_std|S1_1|interleaved_open|unary|seed104,ok,,2026-03-02T19:12:49.627233+00:00,2026-03-02T19:13:51.402029+00:00,62.25334770884365,False,m4_adapt_paop_lf_std,adapt,"(1,1)",104,238,3,hh,1.0,2.0,0.0,1.0,1.0,1,unary,interleaved,open,,paop_lf_std,2,5,3000,COBYLA,80,1e-06,1e-08,3000,4,eps_energy,1800,-1.342180403712112,1.6458980369736755,1.6458980369736755,2.988078440685787,4,7,153,4
m4_adapt_paop_lf_std|S1_1|interleaved_open|unary|seed105,ok,,2026-03-02T19:13:51.893850+00:00,2026-03-02T19:14:51.337072+00:00,59.930180416908115,False,m4_adapt_paop_lf_std,adapt,"(1,1)",105,239,3,hh,1.0,2.0,0.0,1.0,1.0,1,unary,interleaved,open,,paop_lf_std,2,5,3000,COBYLA,80,1e-06,1e-08,3000,4,eps_energy,1800,-1.342180403712112,1.6458980369736755,1.6458980369736755,2.988078440685787,4,7,153,4
